"time","infID","status_dep"
1320,445,"i"
1572,566,"i"
1639,981,"i"
2009,767,"i"
2401,80,"i"
2449,817,"i"
2582,648,"i"
2601,181,"i"
2865,808,"i"
3540,657,"i"
3599,555,"i"
1263,322,"i"
3140,603,"i"
3173,130,"i"
3560,981,"i"
1811,920,"i"
1961,808,"i"
2211,646,"i"
2425,1093,"i"
2877,445,"i"
456,555,"i"
3349,544,"i"
3361,192,"i"
3834,119,"i"
3897,295,"i"
4005,734,"i"
4268,643,"i"
4931,525,"i"
5135,1004,"i"
5147,475,"i"
5292,1173,"i"
5311,888,"i"
5348,356,"i"
5467,217,"i"
5536,198,"i"
5623,678,"i"
5671,685,"i"
5736,436,"i"
5790,940,"i"
5838,702,"i"
5892,776,"i"
6122,289,"i"
6519,1295,"i"
6620,893,"i"
6650,601,"i"
6735,1365,"i"
6888,106,"i"
6895,744,"i"
6948,759,"i"
6992,590,"i"
6992,755,"i"
7004,586,"i"
7060,520,"i"
7071,757,"i"
7089,1161,"i"
7136,1474,"i"
7158,756,"i"
7248,238,"i"
7264,1056,"i"
7279,567,"i"
552,192,"i"
1937,237,"i"
2556,892,"i"
3272,118,"i"
3372,827,"i"
917,711,"i"
1483,726,"i"
1560,35,"i"
1796,868,"i"
1864,772,"i"
2128,525,"i"
2377,1046,"i"
2519,951,"i"
2680,766,"i"
2884,832,"i"
3036,829,"i"
3395,1169,"i"
3549,1021,"i"
3569,733,"i"
3643,628,"i"
3695,924,"i"
3792,335,"i"
3924,1118,"i"
4237,1013,"i"
4289,1020,"i"
4548,1064,"i"
4692,425,"i"
4879,572,"i"
4897,895,"i"
4929,681,"i"
5040,47,"i"
5140,804,"i"
5250,147,"i"
5284,1165,"i"
5285,14,"i"
5316,992,"i"
5504,1093,"i"
5510,591,"i"
5670,468,"i"
5747,581,"i"
5787,379,"i"
5791,276,"i"
5877,90,"i"
5971,1110,"i"
5975,474,"i"
6018,137,"i"
6075,899,"i"
6101,61,"i"
6117,440,"i"
6138,762,"i"
6177,160,"i"
6186,743,"i"
6188,602,"i"
6230,822,"i"
6277,812,"i"
6340,500,"i"
6344,271,"i"
6375,952,"i"
6386,203,"i"
6408,1352,"i"
6501,439,"i"
6509,1219,"i"
6519,1463,"i"
6531,1063,"i"
6634,845,"i"
6657,932,"i"
6670,608,"i"
6671,1108,"i"
6678,566,"i"
6681,689,"i"
6688,1233,"i"
6733,710,"i"
6794,823,"i"
6837,978,"i"
6838,843,"i"
6843,851,"i"
6868,692,"i"
6881,188,"i"
6890,435,"i"
6914,539,"i"
6997,651,"i"
7004,1159,"i"
7035,1237,"i"
7039,594,"i"
7062,251,"i"
7091,1122,"i"
7130,1448,"i"
7133,746,"i"
7135,358,"i"
7149,50,"i"
7197,184,"i"
7214,1047,"i"
7229,290,"i"
7235,973,"i"
7238,728,"i"
7247,595,"i"
7263,1263,"i"
7267,1290,"i"
7279,1353,"i"
932,316,"i"
1154,681,"i"
1601,449,"i"
2562,803,"i"
2747,862,"i"
2846,951,"i"
3506,711,"i"
3723,959,"i"
5084,566,"i"
5181,731,"i"
5395,1098,"i"
5430,939,"i"
6338,252,"i"
6458,485,"i"
6479,660,"i"
6701,356,"i"
6766,975,"i"
6862,868,"i"
6969,239,"i"
7149,908,"i"
7165,525,"i"
7185,762,"i"
1258,1434,"i"
1665,183,"i"
1677,908,"i"
1693,1556,"i"
1792,112,"i"
1798,2202,"i"
1879,76,"i"
1937,1956,"i"
1983,353,"i"
1994,2610,"i"
1999,250,"i"
2001,723,"i"
2006,655,"i"
2026,307,"i"
2036,326,"i"
2054,660,"i"
2103,1440,"i"
2129,1010,"i"
2135,2575,"i"
2165,460,"i"
2181,1837,"i"
2203,408,"i"
2243,2784,"i"
2261,130,"i"
2278,131,"i"
2313,928,"i"
2378,2880,"i"
2390,561,"i"
2405,2696,"i"
2416,461,"i"
2427,2843,"i"
2435,198,"i"
2467,2464,"i"
2526,2529,"i"
2529,360,"i"
2540,1065,"i"
2541,730,"i"
2570,104,"i"
2571,423,"i"
2610,2794,"i"
2629,405,"i"
2677,2531,"i"
2691,2465,"i"
2695,185,"i"
2700,614,"i"
2701,2860,"i"
2728,132,"i"
2747,2912,"i"
2777,269,"i"
2793,395,"i"
2798,262,"i"
2820,2930,"i"
2823,202,"i"
2827,2327,"i"
2830,1821,"i"
2871,37,"i"
2883,1004,"i"
2896,2184,"i"
2906,2118,"i"
2919,173,"i"
2934,2642,"i"
2943,2697,"i"
2945,174,"i"
2948,204,"i"
2966,2914,"i"
2975,248,"i"
2976,234,"i"
2985,2856,"i"
2990,886,"i"
3024,2583,"i"
3040,251,"i"
3040,750,"i"
3047,201,"i"
3047,1367,"i"
3049,944,"i"
3072,1496,"i"
3084,2789,"i"
3086,1989,"i"
3089,3007,"i"
3104,1259,"i"
3113,2419,"i"
3119,348,"i"
3142,2462,"i"
3144,136,"i"
3151,2680,"i"
3166,2391,"i"
3181,435,"i"
3218,2410,"i"
3221,2455,"i"
3222,432,"i"
3298,933,"i"
3312,2481,"i"
3313,2341,"i"
3316,853,"i"
3325,2241,"i"
3327,2646,"i"
3347,1936,"i"
3359,485,"i"
3383,1003,"i"
3387,3034,"i"
3412,1034,"i"
3427,1252,"i"
3477,345,"i"
3479,553,"i"
3486,413,"i"
3497,1472,"i"
3516,1998,"i"
3543,2294,"i"
3550,497,"i"
3563,1770,"i"
3621,63,"i"
3640,1326,"i"
3642,2593,"i"
3650,2484,"i"
3651,1683,"i"
3651,2112,"i"
3660,1842,"i"
3677,2979,"i"
3679,637,"i"
3687,482,"i"
3732,1761,"i"
3774,1311,"i"
3779,404,"i"
3788,1130,"i"
3797,2923,"i"
3807,1904,"i"
3809,2687,"i"
3823,1323,"i"
3838,85,"i"
3857,375,"i"
3870,702,"i"
3880,284,"i"
3892,1225,"i"
3904,372,"i"
3919,2618,"i"
3920,86,"i"
3940,2200,"i"
3946,332,"i"
3993,525,"i"
4018,2050,"i"
4019,1748,"i"
4028,2258,"i"
4035,2542,"i"
4041,2071,"i"
4059,42,"i"
4061,357,"i"
4074,14,"i"
4074,1500,"i"
4082,566,"i"
4084,1148,"i"
4085,1969,"i"
4086,1317,"i"
4096,430,"i"
4101,1816,"i"
4117,2127,"i"
4133,999,"i"
4138,794,"i"
4138,2404,"i"
4145,2291,"i"
4156,1928,"i"
4165,203,"i"
4189,2813,"i"
4193,617,"i"
4201,1624,"i"
4206,3323,"i"
4242,669,"i"
4243,522,"i"
4243,2169,"i"
4248,1215,"i"
4248,2225,"i"
4249,2550,"i"
4266,363,"i"
4277,1285,"i"
4285,10,"i"
4286,2601,"i"
4294,1086,"i"
4295,1256,"i"
4298,2458,"i"
4302,1234,"i"
4304,3291,"i"
4305,2637,"i"
4307,796,"i"
4309,481,"i"
4311,81,"i"
4311,421,"i"
4312,418,"i"
4316,336,"i"
4318,2390,"i"
4322,570,"i"
4323,2215,"i"
4346,213,"i"
4352,2090,"i"
4353,1027,"i"
4356,2479,"i"
4360,2965,"i"
4366,985,"i"
4376,125,"i"
4381,1399,"i"
4388,820,"i"
4389,591,"i"
4403,57,"i"
4419,1988,"i"
4427,64,"i"
4428,99,"i"
4452,25,"i"
4454,1530,"i"
4468,190,"i"
4471,454,"i"
4479,4,"i"
4494,1118,"i"
4494,2633,"i"
4496,240,"i"
4498,301,"i"
4512,390,"i"
4520,69,"i"
4528,2676,"i"
4536,2634,"i"
4548,3075,"i"
4557,1084,"i"
4581,121,"i"
4584,971,"i"
4587,1392,"i"
4589,795,"i"
4592,384,"i"
4605,1054,"i"
4606,261,"i"
4606,616,"i"
4615,2844,"i"
4628,241,"i"
4633,1277,"i"
4637,2289,"i"
4648,277,"i"
4649,2565,"i"
4652,30,"i"
4655,1478,"i"
4659,1538,"i"
4666,1273,"i"
4666,2823,"i"
4670,265,"i"
4671,667,"i"
4683,2303,"i"
4688,964,"i"
4691,2960,"i"
4697,1610,"i"
4699,1412,"i"
4709,1721,"i"
4717,197,"i"
4720,114,"i"
4747,512,"i"
4751,1029,"i"
4753,217,"i"
4768,352,"i"
4768,883,"i"
4768,1321,"i"
4773,1731,"i"
4791,449,"i"
4795,1298,"i"
4797,1377,"i"
4797,1662,"i"
4810,936,"i"
4811,339,"i"
4836,1164,"i"
4840,1275,"i"
4840,3059,"i"
4844,1507,"i"
4844,1535,"i"
4845,1016,"i"
4852,1531,"i"
4859,2632,"i"
4867,846,"i"
4876,3392,"i"
4877,2584,"i"
4881,756,"i"
4897,2698,"i"
4914,560,"i"
4916,996,"i"
4920,278,"i"
4921,2504,"i"
4922,1223,"i"
4927,1758,"i"
4929,2224,"i"
4933,1239,"i"
4935,36,"i"
4946,1002,"i"
4947,3090,"i"
4950,176,"i"
4950,462,"i"
4953,3453,"i"
4954,13,"i"
4954,1934,"i"
4959,1980,"i"
4962,2122,"i"
4977,2161,"i"
4978,218,"i"
4988,2791,"i"
4989,123,"i"
4992,789,"i"
4997,437,"i"
5002,1110,"i"
5004,2424,"i"
5009,2563,"i"
5010,2440,"i"
5014,1641,"i"
5031,2530,"i"
5032,2016,"i"
5033,2863,"i"
5054,1462,"i"
5054,2262,"i"
5058,946,"i"
5060,2009,"i"
5065,320,"i"
5073,447,"i"
5082,2079,"i"
5086,2285,"i"
5089,2445,"i"
5099,1257,"i"
5108,488,"i"
5108,641,"i"
5109,66,"i"
5114,1409,"i"
5132,2839,"i"
5134,2334,"i"
5136,2720,"i"
5145,787,"i"
5151,642,"i"
5152,479,"i"
5160,2248,"i"
5165,68,"i"
5167,75,"i"
5187,2704,"i"
5188,1681,"i"
5189,2087,"i"
5190,909,"i"
5199,1709,"i"
5199,2490,"i"
5203,805,"i"
5213,1628,"i"
5218,1606,"i"
5233,1743,"i"
5241,74,"i"
5241,1875,"i"
5251,3260,"i"
5255,2538,"i"
5261,1895,"i"
5273,210,"i"
5276,1818,"i"
5277,2383,"i"
5278,1916,"i"
5287,3330,"i"
5288,77,"i"
5295,55,"i"
5312,1124,"i"
5314,2679,"i"
5314,2733,"i"
5315,407,"i"
5319,7,"i"
5326,2594,"i"
5331,2017,"i"
5334,280,"i"
5335,1153,"i"
5339,1762,"i"
5342,1491,"i"
5345,1337,"i"
5346,1707,"i"
5352,17,"i"
5364,2578,"i"
5368,221,"i"
5368,297,"i"
5373,406,"i"
5373,2500,"i"
5385,2894,"i"
5386,2607,"i"
5389,2617,"i"
5392,496,"i"
5392,1094,"i"
5407,2414,"i"
5409,441,"i"
5413,371,"i"
5414,1278,"i"
5418,2053,"i"
5426,306,"i"
5430,28,"i"
5430,2742,"i"
5430,3455,"i"
5431,1490,"i"
5433,3193,"i"
5440,779,"i"
5447,1505,"i"
5448,1814,"i"
5452,286,"i"
5452,2272,"i"
5457,1059,"i"
5465,2058,"i"
5468,1714,"i"
5468,2422,"i"
5470,875,"i"
5478,3109,"i"
5480,2587,"i"
5482,373,"i"
5488,1106,"i"
5492,3139,"i"
5493,2375,"i"
5497,1501,"i"
5498,27,"i"
5500,2305,"i"
5508,378,"i"
5508,2703,"i"
5514,325,"i"
5517,1504,"i"
5523,3172,"i"
5530,1576,"i"
5550,1342,"i"
5553,272,"i"
5554,157,"i"
5555,54,"i"
5557,843,"i"
5559,2841,"i"
5562,1636,"i"
5568,46,"i"
5570,2237,"i"
5582,2716,"i"
5584,2798,"i"
5588,759,"i"
5603,242,"i"
5611,382,"i"
5623,2744,"i"
5633,1618,"i"
5633,2989,"i"
5634,169,"i"
5636,705,"i"
5655,2620,"i"
5656,3173,"i"
5663,905,"i"
5663,1646,"i"
5666,1716,"i"
5669,271,"i"
5669,2044,"i"
5677,1393,"i"
5682,1653,"i"
5686,1723,"i"
5690,415,"i"
5692,2800,"i"
5693,1642,"i"
5697,1900,"i"
5712,828,"i"
5715,231,"i"
5717,769,"i"
5718,520,"i"
5722,1867,"i"
5735,308,"i"
5738,920,"i"
5745,303,"i"
5746,603,"i"
5751,3245,"i"
5767,254,"i"
5768,480,"i"
5768,2142,"i"
5779,2055,"i"
5782,126,"i"
5783,1075,"i"
5788,2814,"i"
5789,2124,"i"
5791,358,"i"
5800,1644,"i"
5800,2546,"i"
5801,1466,"i"
5802,147,"i"
5803,1166,"i"
5804,268,"i"
5815,3088,"i"
5820,2238,"i"
5824,1704,"i"
5831,1825,"i"
5832,2066,"i"
5844,1687,"i"
5845,2313,"i"
5848,1103,"i"
5851,929,"i"
5863,833,"i"
5864,2117,"i"
5868,939,"i"
5869,2355,"i"
5870,2700,"i"
5872,1846,"i"
5877,41,"i"
5879,3197,"i"
5879,3296,"i"
5881,1512,"i"
5885,127,"i"
5896,3519,"i"
5897,361,"i"
5898,3707,"i"
5900,773,"i"
5908,818,"i"
5917,682,"i"
5919,732,"i"
5925,2165,"i"
5942,2197,"i"
5943,1942,"i"
5953,168,"i"
5953,2883,"i"
5953,3585,"i"
5959,2048,"i"
5962,1545,"i"
5965,2590,"i"
5971,941,"i"
5973,3439,"i"
5975,228,"i"
5978,3338,"i"
5985,166,"i"
5988,2568,"i"
5991,143,"i"
5995,1262,"i"
5996,471,"i"
5997,849,"i"
6000,2882,"i"
6004,1585,"i"
6004,3740,"i"
6012,128,"i"
6027,1684,"i"
6029,1018,"i"
6029,2735,"i"
6039,172,"i"
6050,226,"i"
6053,2132,"i"
6056,287,"i"
6062,2885,"i"
6062,3325,"i"
6064,2010,"i"
6075,952,"i"
6081,2855,"i"
6092,1663,"i"
6098,2245,"i"
6099,1959,"i"
6100,134,"i"
6105,923,"i"
6108,1522,"i"
6109,355,"i"
6137,2006,"i"
6140,2775,"i"
6148,2297,"i"
6162,32,"i"
6172,835,"i"
6173,3243,"i"
6177,3698,"i"
6179,1436,"i"
6191,387,"i"
6197,370,"i"
6201,1669,"i"
6202,649,"i"
6207,3227,"i"
6216,1944,"i"
6216,2129,"i"
6220,309,"i"
6228,680,"i"
6229,2461,"i"
6233,2397,"i"
6234,474,"i"
6239,1128,"i"
6243,2893,"i"
6244,327,"i"
6249,120,"i"
6251,2616,"i"
6258,757,"i"
6259,3537,"i"
6293,1030,"i"
6304,391,"i"
6305,1754,"i"
6311,2688,"i"
6312,1892,"i"
6316,3797,"i"
6317,2673,"i"
6318,181,"i"
6323,2820,"i"
6325,1151,"i"
6325,1481,"i"
6327,200,"i"
6331,1435,"i"
6341,720,"i"
6342,2326,"i"
6343,2150,"i"
6350,52,"i"
6351,2083,"i"
6355,1809,"i"
6359,3881,"i"
6361,468,"i"
6370,1848,"i"
6371,976,"i"
6377,224,"i"
6378,1088,"i"
6388,1405,"i"
6392,144,"i"
6392,1845,"i"
6394,3006,"i"
6396,1637,"i"
6396,3337,"i"
6397,2097,"i"
6405,331,"i"
6406,1316,"i"
6410,2140,"i"
6415,2900,"i"
6430,1938,"i"
6430,3344,"i"
6432,2187,"i"
6433,478,"i"
6438,1876,"i"
6442,2690,"i"
6442,3372,"i"
6443,3645,"i"
6445,1583,"i"
6449,3096,"i"
6451,2935,"i"
6457,2643,"i"
6462,165,"i"
6466,2851,"i"
6468,1168,"i"
6471,914,"i"
6472,1087,"i"
6476,302,"i"
6483,154,"i"
6484,1050,"i"
6488,2261,"i"
6497,149,"i"
6497,2240,"i"
6500,29,"i"
6514,119,"i"
6523,3466,"i"
6524,1650,"i"
6524,3404,"i"
6528,182,"i"
6532,1976,"i"
6533,625,"i"
6540,847,"i"
6541,334,"i"
6554,102,"i"
6557,73,"i"
6558,2325,"i"
6569,1310,"i"
6574,671,"i"
6575,1195,"i"
6580,900,"i"
6584,3350,"i"
6587,1111,"i"
6589,2280,"i"
6592,3447,"i"
6600,1308,"i"
6602,2520,"i"
6619,1540,"i"
6620,431,"i"
6620,2026,"i"
6625,3562,"i"
6633,685,"i"
6649,283,"i"
6650,654,"i"
6656,2895,"i"
6658,3226,"i"
6660,1563,"i"
6663,1283,"i"
6665,330,"i"
6666,2652,"i"
6680,1943,"i"
6684,1856,"i"
6687,541,"i"
6687,786,"i"
6689,656,"i"
6691,305,"i"
6695,2323,"i"
6696,2193,"i"
6699,2164,"i"
6710,1621,"i"
6710,2416,"i"
6718,194,"i"
6726,2921,"i"
6728,1198,"i"
6732,1352,"i"
6735,1455,"i"
6740,1407,"i"
6743,264,"i"
6743,2306,"i"
6746,1327,"i"
6760,766,"i"
6775,50,"i"
6778,396,"i"
6778,799,"i"
6779,879,"i"
6780,422,"i"
6780,499,"i"
6790,256,"i"
6797,2254,"i"
6804,2514,"i"
6805,508,"i"
6807,3030,"i"
6814,47,"i"
6829,1566,"i"
6833,899,"i"
6833,3217,"i"
6836,1549,"i"
6837,877,"i"
6837,3161,"i"
6838,2191,"i"
6857,3334,"i"
6860,1005,"i"
6860,1711,"i"
6867,2231,"i"
6870,951,"i"
6873,3031,"i"
6876,3185,"i"
6877,142,"i"
6877,746,"i"
6878,249,"i"
6878,2331,"i"
6879,2745,"i"
6885,2203,"i"
6886,697,"i"
6887,621,"i"
6889,243,"i"
6895,639,"i"
6904,1648,"i"
6910,486,"i"
6910,3615,"i"
6911,993,"i"
6924,1163,"i"
6925,1779,"i"
6931,1460,"i"
6936,600,"i"
6944,60,"i"
6945,2964,"i"
6951,304,"i"
6958,1359,"i"
6959,3040,"i"
6968,2961,"i"
6969,3336,"i"
6979,1171,"i"
6981,2932,"i"
6983,344,"i"
6983,385,"i"
6983,1299,"i"
6986,316,"i"
6986,2612,"i"
6993,1780,"i"
6993,2759,"i"
6998,314,"i"
6998,2713,"i"
7002,246,"i"
7003,2746,"i"
7006,1235,"i"
7009,2170,"i"
7016,2874,"i"
7020,324,"i"
7030,299,"i"
7033,3390,"i"
7041,3333,"i"
7051,1077,"i"
7052,26,"i"
7055,1542,"i"
7058,417,"i"
7062,1429,"i"
7064,2693,"i"
7066,3042,"i"
7067,498,"i"
7067,1090,"i"
7084,2981,"i"
7086,2730,"i"
7091,1600,"i"
7094,2146,"i"
7100,764,"i"
7100,2771,"i"
7105,152,"i"
7107,943,"i"
7111,129,"i"
7111,2339,"i"
7116,2290,"i"
7119,1569,"i"
7119,1975,"i"
7123,834,"i"
7124,1520,"i"
7127,1971,"i"
7129,2949,"i"
7132,2348,"i"
7135,1303,"i"
7135,1939,"i"
7136,1126,"i"
7137,851,"i"
7150,3123,"i"
7152,2116,"i"
7162,927,"i"
7166,2691,"i"
7170,426,"i"
7171,2972,"i"
7177,1194,"i"
7179,98,"i"
7180,2162,"i"
7181,3188,"i"
7182,2725,"i"
7184,1178,"i"
7188,156,"i"
7190,962,"i"
7195,2277,"i"
7197,959,"i"
7201,2212,"i"
7204,505,"i"
7204,1117,"i"
7208,91,"i"
7210,216,"i"
7213,380,"i"
7225,3356,"i"
7226,1213,"i"
7232,2598,"i"
7243,912,"i"
7252,1196,"i"
7257,2399,"i"
7261,122,"i"
7264,661,"i"
7270,548,"i"
7270,2853,"i"
7274,1661,"i"
7282,2613,"i"
7292,58,"i"
7293,1689,"i"
7296,3538,"i"
7300,209,"i"
851,2633,"i"
1211,1876,"i"
1302,1286,"i"
1468,321,"i"
1598,168,"i"
1646,2088,"i"
1681,1310,"i"
1749,62,"i"
1869,1367,"i"
1889,1091,"i"
1904,185,"i"
1961,1839,"i"
1971,126,"i"
2008,1556,"i"
2026,66,"i"
2083,1287,"i"
2084,1187,"i"
2084,2502,"i"
2104,275,"i"
2166,1125,"i"
2180,1900,"i"
2207,2496,"i"
2217,972,"i"
2243,391,"i"
2330,42,"i"
2332,209,"i"
2341,198,"i"
2371,260,"i"
2372,113,"i"
2373,1001,"i"
2381,732,"i"
2425,334,"i"
2523,806,"i"
2546,263,"i"
2548,288,"i"
2549,2109,"i"
2569,325,"i"
2614,135,"i"
2621,19,"i"
2660,407,"i"
2666,65,"i"
2705,1416,"i"
2741,409,"i"
2741,850,"i"
2749,2333,"i"
2761,81,"i"
2767,818,"i"
2781,2071,"i"
2792,2692,"i"
2816,405,"i"
2835,77,"i"
2844,2497,"i"
2858,1902,"i"
2869,205,"i"
2887,548,"i"
2892,2004,"i"
2993,1941,"i"
3038,1100,"i"
3040,1017,"i"
3042,74,"i"
3058,1535,"i"
3090,556,"i"
3094,2144,"i"
3102,783,"i"
3185,2704,"i"
3210,2720,"i"
3213,2273,"i"
3219,292,"i"
3225,427,"i"
3254,101,"i"
3282,1353,"i"
3295,341,"i"
3303,931,"i"
3328,1579,"i"
3331,154,"i"
3337,1246,"i"
3338,383,"i"
3346,542,"i"
3350,1350,"i"
3355,1303,"i"
3356,2608,"i"
3365,971,"i"
3404,2904,"i"
3411,381,"i"
3426,1094,"i"
3456,202,"i"
3464,149,"i"
3483,935,"i"
3485,1244,"i"
3530,2804,"i"
3539,571,"i"
3542,1721,"i"
3551,482,"i"
3577,467,"i"
3604,464,"i"
3615,2735,"i"
3618,1241,"i"
3634,189,"i"
3638,2897,"i"
3648,1462,"i"
3653,2789,"i"
3655,211,"i"
3656,1591,"i"
3675,2957,"i"
3690,465,"i"
3693,2970,"i"
3699,1492,"i"
3706,3024,"i"
3712,1173,"i"
3725,816,"i"
3733,2507,"i"
3736,390,"i"
3749,1957,"i"
3752,2513,"i"
3756,64,"i"
3769,2425,"i"
3780,1639,"i"
3795,1837,"i"
3799,626,"i"
3804,2589,"i"
3811,1476,"i"
3818,369,"i"
3839,1189,"i"
3843,2748,"i"
3845,116,"i"
3851,156,"i"
3851,2219,"i"
3856,54,"i"
3857,916,"i"
3860,800,"i"
3864,2391,"i"
3888,1697,"i"
3894,1655,"i"
3905,2437,"i"
3907,1153,"i"
3908,359,"i"
3943,360,"i"
3950,2375,"i"
3962,72,"i"
3991,2545,"i"
4001,1663,"i"
4003,2887,"i"
4013,1304,"i"
4037,2761,"i"
4048,2821,"i"
4055,2024,"i"
4076,187,"i"
4083,1069,"i"
4085,2802,"i"
4099,2313,"i"
4115,348,"i"
4133,1047,"i"
4136,1285,"i"
4148,1046,"i"
4150,2408,"i"
4153,3205,"i"
4162,2284,"i"
4196,454,"i"
4198,2784,"i"
4201,2690,"i"
4208,2666,"i"
4222,1863,"i"
4234,715,"i"
4244,919,"i"
4249,2570,"i"
4250,241,"i"
4250,509,"i"
4259,940,"i"
4262,3240,"i"
4269,2479,"i"
4276,1887,"i"
4278,1602,"i"
4279,1396,"i"
4285,836,"i"
4291,511,"i"
4293,1011,"i"
4299,193,"i"
4308,2063,"i"
4323,2206,"i"
4326,230,"i"
4334,2860,"i"
4355,1339,"i"
4360,2423,"i"
4370,109,"i"
4370,287,"i"
4372,1165,"i"
4380,2421,"i"
4392,157,"i"
4397,1415,"i"
4399,1832,"i"
4404,1170,"i"
4411,254,"i"
4432,2186,"i"
4433,2015,"i"
4436,458,"i"
4436,2942,"i"
4438,2693,"i"
4455,1493,"i"
4476,863,"i"
4482,2464,"i"
4485,2709,"i"
4488,1615,"i"
4490,1472,"i"
4492,3396,"i"
4493,1044,"i"
4501,286,"i"
4505,23,"i"
4507,1098,"i"
4511,475,"i"
4514,313,"i"
4518,1589,"i"
4520,700,"i"
4529,2106,"i"
4566,3175,"i"
4570,2427,"i"
4577,70,"i"
4580,1018,"i"
4580,2628,"i"
4588,2310,"i"
4609,2616,"i"
4613,228,"i"
4619,1749,"i"
4619,2911,"i"
4627,352,"i"
4642,1971,"i"
4644,1043,"i"
4653,1136,"i"
4656,701,"i"
4663,335,"i"
4667,2936,"i"
4680,180,"i"
4680,695,"i"
4696,742,"i"
4697,1632,"i"
4700,623,"i"
4703,957,"i"
4711,2368,"i"
4716,223,"i"
4717,1509,"i"
4718,3307,"i"
4725,945,"i"
4728,771,"i"
4732,1008,"i"
4743,646,"i"
4746,525,"i"
4751,1834,"i"
4759,252,"i"
4759,710,"i"
4764,1229,"i"
4771,3153,"i"
4792,1968,"i"
4805,452,"i"
4816,1468,"i"
4816,2032,"i"
4826,1440,"i"
4831,310,"i"
4832,2612,"i"
4838,897,"i"
4840,82,"i"
4842,1341,"i"
4843,44,"i"
4844,461,"i"
4849,33,"i"
4863,2543,"i"
4877,244,"i"
4877,2314,"i"
4877,2915,"i"
4883,1139,"i"
4898,368,"i"
4910,2689,"i"
4916,3231,"i"
4920,1936,"i"
4938,463,"i"
4939,134,"i"
4940,906,"i"
4940,1157,"i"
4952,2519,"i"
4961,1332,"i"
4975,2832,"i"
4976,1227,"i"
4978,1271,"i"
4978,3171,"i"
4985,142,"i"
4987,1893,"i"
5009,1575,"i"
5019,1445,"i"
5024,663,"i"
5024,2400,"i"
5037,396,"i"
5040,496,"i"
5046,406,"i"
5051,1631,"i"
5053,1825,"i"
5056,3327,"i"
5064,164,"i"
5064,478,"i"
5070,2316,"i"
5076,178,"i"
5077,1323,"i"
5077,1388,"i"
5077,3206,"i"
5080,1564,"i"
5080,1660,"i"
5095,1086,"i"
5112,1065,"i"
5115,2796,"i"
5117,2276,"i"
5130,913,"i"
5133,392,"i"
5135,895,"i"
5140,2941,"i"
5147,3124,"i"
5152,737,"i"
5152,2396,"i"
5163,289,"i"
5165,271,"i"
5168,521,"i"
5169,2499,"i"
5171,1899,"i"
5190,416,"i"
5197,332,"i"
5205,705,"i"
5205,1576,"i"
5213,992,"i"
5216,1198,"i"
5219,225,"i"
5220,795,"i"
5224,1871,"i"
5226,385,"i"
5226,1701,"i"
5228,488,"i"
5249,83,"i"
5254,2766,"i"
5261,1109,"i"
5261,2212,"i"
5262,1217,"i"
5264,102,"i"
5286,526,"i"
5288,2035,"i"
5289,789,"i"
5309,3223,"i"
5310,333,"i"
5313,2714,"i"
5317,150,"i"
5331,551,"i"
5341,1208,"i"
5343,444,"i"
5344,420,"i"
5344,2798,"i"
5349,2564,"i"
5367,276,"i"
5380,2129,"i"
5382,2854,"i"
5383,2550,"i"
5384,302,"i"
5389,1727,"i"
5401,59,"i"
5403,266,"i"
5415,404,"i"
5416,1129,"i"
5421,1934,"i"
5421,2607,"i"
5422,344,"i"
5425,1183,"i"
5438,1449,"i"
5442,1569,"i"
5444,658,"i"
5454,1586,"i"
5460,2536,"i"
5468,1281,"i"
5474,231,"i"
5478,136,"i"
5484,450,"i"
5498,130,"i"
5498,246,"i"
5502,2717,"i"
5505,3160,"i"
5509,2070,"i"
5528,1143,"i"
5529,1095,"i"
5551,1386,"i"
5554,1495,"i"
5555,2780,"i"
5562,2470,"i"
5563,49,"i"
5564,3251,"i"
5569,346,"i"
5575,153,"i"
5585,878,"i"
5592,522,"i"
5595,378,"i"
5599,744,"i"
5599,1978,"i"
5621,99,"i"
5622,447,"i"
5628,3126,"i"
5644,229,"i"
5648,1057,"i"
5650,899,"i"
5655,1074,"i"
5660,161,"i"
5660,259,"i"
5675,218,"i"
5677,90,"i"
5677,1972,"i"
5680,1672,"i"
5688,105,"i"
5688,3238,"i"
5700,376,"i"
5710,2161,"i"
5712,363,"i"
5753,1521,"i"
5757,699,"i"
5759,345,"i"
5759,1365,"i"
5763,2407,"i"
5769,4,"i"
5776,402,"i"
5777,1485,"i"
5780,1654,"i"
5783,3084,"i"
5788,1328,"i"
5795,1526,"i"
5796,1608,"i"
5803,1734,"i"
5805,86,"i"
5807,97,"i"
5808,2653,"i"
5808,2842,"i"
5813,611,"i"
5814,1318,"i"
5817,808,"i"
5817,3623,"i"
5828,776,"i"
5837,2108,"i"
5837,2696,"i"
5843,2885,"i"
5859,1833,"i"
5861,618,"i"
5862,917,"i"
5867,1026,"i"
5869,2487,"i"
5872,2448,"i"
5873,3137,"i"
5876,1561,"i"
5880,133,"i"
5890,2880,"i"
5896,15,"i"
5900,2466,"i"
5926,3381,"i"
5930,779,"i"
5935,1167,"i"
5943,1792,"i"
5945,472,"i"
5958,3662,"i"
5962,690,"i"
5969,290,"i"
5969,1228,"i"
5972,1996,"i"
5972,3467,"i"
5976,151,"i"
5995,625,"i"
5996,2261,"i"
6000,2752,"i"
6007,366,"i"
6007,2210,"i"
6011,822,"i"
6013,299,"i"
6017,316,"i"
6017,3357,"i"
6036,96,"i"
6040,280,"i"
6043,3128,"i"
6046,312,"i"
6049,2520,"i"
6049,2521,"i"
6050,2060,"i"
6050,2954,"i"
6061,703,"i"
6063,3167,"i"
6064,1780,"i"
6065,471,"i"
6068,3152,"i"
6069,2147,"i"
6072,1894,"i"
6074,284,"i"
6074,2331,"i"
6085,3435,"i"
6092,3021,"i"
6096,236,"i"
6098,1312,"i"
6101,2355,"i"
6103,2154,"i"
6104,2164,"i"
6107,171,"i"
6114,1621,"i"
6125,3508,"i"
6127,1552,"i"
6133,2900,"i"
6137,3309,"i"
6141,2650,"i"
6145,127,"i"
6160,414,"i"
6168,25,"i"
6170,3123,"i"
6173,2152,"i"
6185,2027,"i"
6191,834,"i"
6196,2118,"i"
6198,438,"i"
6200,2591,"i"
6205,476,"i"
6209,970,"i"
6210,235,"i"
6233,183,"i"
6233,2471,"i"
6243,2574,"i"
6250,2459,"i"
6252,1335,"i"
6252,2864,"i"
6255,3458,"i"
6257,958,"i"
6261,403,"i"
6269,1781,"i"
6284,207,"i"
6284,3077,"i"
6286,1349,"i"
6300,1128,"i"
6301,22,"i"
6301,717,"i"
6310,3773,"i"
6320,1764,"i"
6333,425,"i"
6333,1790,"i"
6335,1256,"i"
6337,1174,"i"
6339,324,"i"
6339,1199,"i"
6339,2050,"i"
6341,166,"i"
6344,781,"i"
6345,3694,"i"
6348,1691,"i"
6353,2817,"i"
6354,2669,"i"
6357,736,"i"
6370,1979,"i"
6372,60,"i"
6372,1910,"i"
6375,3884,"i"
6389,1248,"i"
6391,73,"i"
6395,93,"i"
6395,2402,"i"
6398,1868,"i"
6399,3100,"i"
6400,2384,"i"
6401,933,"i"
6404,1077,"i"
6411,1338,"i"
6411,3497,"i"
6415,455,"i"
6415,1051,"i"
6416,711,"i"
6417,2397,"i"
6418,2651,"i"
6424,1460,"i"
6437,367,"i"
6438,2077,"i"
6444,2510,"i"
6448,1516,"i"
6457,331,"i"
6462,1604,"i"
6464,1892,"i"
6472,1514,"i"
6481,1530,"i"
6484,1264,"i"
6488,2009,"i"
6497,3387,"i"
6498,1427,"i"
6505,327,"i"
6506,1592,"i"
6507,2356,"i"
6508,2307,"i"
6509,1150,"i"
6514,2143,"i"
6516,2831,"i"
6517,624,"i"
6519,741,"i"
6526,1725,"i"
6527,3418,"i"
6531,2891,"i"
6534,1063,"i"
6535,1699,"i"
6537,3257,"i"
6544,3801,"i"
6555,2263,"i"
6557,173,"i"
6557,1578,"i"
6560,1431,"i"
6563,21,"i"
6575,3516,"i"
6576,2482,"i"
6581,415,"i"
6590,2566,"i"
6591,1162,"i"
6591,1740,"i"
6593,1294,"i"
6594,361,"i"
6594,628,"i"
6599,2150,"i"
6601,988,"i"
6606,1878,"i"
6610,2958,"i"
6613,1956,"i"
6614,1270,"i"
6615,186,"i"
6621,117,"i"
6628,217,"i"
6630,849,"i"
6636,495,"i"
6638,3029,"i"
6639,1004,"i"
6641,1854,"i"
6645,3094,"i"
6648,1089,"i"
6656,162,"i"
6656,1075,"i"
6657,2956,"i"
6657,3247,"i"
6658,372,"i"
6660,2907,"i"
6667,564,"i"
6678,2729,"i"
6681,1879,"i"
6683,1093,"i"
6683,2236,"i"
6684,120,"i"
6684,2899,"i"
6686,2366,"i"
6691,298,"i"
6695,429,"i"
6707,2620,"i"
6712,144,"i"
6713,2827,"i"
6719,446,"i"
6724,1897,"i"
6733,2875,"i"
6734,1070,"i"
6735,55,"i"
6738,2344,"i"
6739,1326,"i"
6742,3917,"i"
6751,1975,"i"
6761,1477,"i"
6762,3259,"i"
6770,2923,"i"
6773,613,"i"
6773,1932,"i"
6775,1316,"i"
6778,3532,"i"
6782,2664,"i"
6783,237,"i"
6785,2363,"i"
6793,1397,"i"
6794,2755,"i"
6800,760,"i"
6801,706,"i"
6801,2167,"i"
6813,1072,"i"
6813,2985,"i"
6816,978,"i"
6817,2514,"i"
6832,2949,"i"
6837,85,"i"
6840,32,"i"
6840,270,"i"
6840,2048,"i"
6847,3032,"i"
6852,3040,"i"
6858,869,"i"
6860,88,"i"
6862,3158,"i"
6863,1202,"i"
6864,192,"i"
6864,3076,"i"
6870,3006,"i"
6875,305,"i"
6877,2937,"i"
6885,1771,"i"
6890,1213,"i"
6900,342,"i"
6900,3156,"i"
6901,2115,"i"
6905,932,"i"
6905,2809,"i"
6915,2655,"i"
6919,1253,"i"
6921,1706,"i"
6928,216,"i"
6928,1711,"i"
6932,323,"i"
6943,3289,"i"
6945,3017,"i"
6950,660,"i"
6957,3456,"i"
6960,3042,"i"
6966,753,"i"
6966,1964,"i"
6966,2769,"i"
6969,1726,"i"
6972,2277,"i"
6974,480,"i"
6977,2138,"i"
6981,1414,"i"
6981,1609,"i"
6983,2141,"i"
6986,708,"i"
6986,2556,"i"
6988,2245,"i"
6993,3177,"i"
7003,267,"i"
7005,146,"i"
7007,841,"i"
7011,498,"i"
7016,2920,"i"
7021,2222,"i"
7024,2395,"i"
7034,2881,"i"
7035,2858,"i"
7040,4009,"i"
7042,2562,"i"
7049,421,"i"
7051,2613,"i"
7056,2069,"i"
7064,308,"i"
7065,843,"i"
7065,3079,"i"
7066,1537,"i"
7068,1994,"i"
7068,2625,"i"
7078,3303,"i"
7085,1865,"i"
7089,772,"i"
7090,103,"i"
7091,1501,"i"
7095,197,"i"
7095,2811,"i"
7100,1517,"i"
7101,318,"i"
7103,2240,"i"
7104,314,"i"
7120,38,"i"
7127,2933,"i"
7132,2749,"i"
7133,389,"i"
7137,2488,"i"
7138,78,"i"
7139,2750,"i"
7145,981,"i"
7149,620,"i"
7152,75,"i"
7156,418,"i"
7156,2086,"i"
7165,3000,"i"
7167,844,"i"
7172,1836,"i"
7184,598,"i"
7196,1812,"i"
7203,3033,"i"
7211,3191,"i"
7212,687,"i"
7214,1689,"i"
7218,108,"i"
7218,682,"i"
7220,605,"i"
7225,1389,"i"
7225,2783,"i"
7229,1606,"i"
7245,169,"i"
7245,487,"i"
7249,36,"i"
7252,1112,"i"
7253,1330,"i"
7267,2830,"i"
7268,2582,"i"
7270,2232,"i"
7272,388,"i"
7274,908,"i"
7276,1104,"i"
7278,2072,"i"
7278,3278,"i"
7279,220,"i"
7279,1605,"i"
7282,3104,"i"
7284,1134,"i"
7285,2828,"i"
7286,2034,"i"
7287,160,"i"
7293,1486,"i"
7293,2251,"i"
7296,1037,"i"
7300,258,"i"
1366,456,"i"
1492,444,"i"
1509,2411,"i"
1590,459,"i"
1661,174,"i"
1813,2227,"i"
1848,107,"i"
1947,2437,"i"
1974,679,"i"
2077,428,"i"
2100,169,"i"
2144,1708,"i"
2149,1253,"i"
2195,187,"i"
2222,1171,"i"
2301,1996,"i"
2319,375,"i"
2327,2402,"i"
2335,2545,"i"
2338,136,"i"
2452,1467,"i"
2455,2205,"i"
2486,340,"i"
2578,1480,"i"
2612,795,"i"
2617,322,"i"
2622,811,"i"
2679,112,"i"
2689,1827,"i"
2693,615,"i"
2746,1273,"i"
2833,240,"i"
2835,196,"i"
2868,2349,"i"
2878,35,"i"
2887,1811,"i"
2912,405,"i"
2945,1434,"i"
2985,1296,"i"
3031,1089,"i"
3040,1500,"i"
3072,130,"i"
3073,2791,"i"
3088,999,"i"
3115,449,"i"
3130,1698,"i"
3137,1204,"i"
3157,383,"i"
3176,268,"i"
3184,330,"i"
3208,280,"i"
3252,71,"i"
3271,439,"i"
3271,2447,"i"
3320,796,"i"
3325,448,"i"
3334,2765,"i"
3335,2575,"i"
3351,380,"i"
3377,2229,"i"
3396,229,"i"
3410,2301,"i"
3414,274,"i"
3460,1860,"i"
3461,191,"i"
3499,2760,"i"
3505,1187,"i"
3512,2759,"i"
3515,698,"i"
3518,393,"i"
3521,566,"i"
3564,141,"i"
3580,359,"i"
3615,2706,"i"
3627,2741,"i"
3632,948,"i"
3633,590,"i"
3635,2611,"i"
3640,2168,"i"
3650,622,"i"
3651,1969,"i"
3670,236,"i"
3670,425,"i"
3676,103,"i"
3677,84,"i"
3681,1097,"i"
3687,3000,"i"
3688,2561,"i"
3702,2559,"i"
3709,2151,"i"
3723,1379,"i"
3733,285,"i"
3778,3214,"i"
3780,2815,"i"
3807,2345,"i"
3809,1417,"i"
3809,2646,"i"
3810,146,"i"
3820,2631,"i"
3850,3160,"i"
3854,2701,"i"
3868,376,"i"
3868,491,"i"
3870,2440,"i"
3874,231,"i"
3878,365,"i"
3884,148,"i"
3892,1138,"i"
3897,2256,"i"
3907,298,"i"
3912,217,"i"
3916,1535,"i"
3919,2819,"i"
3950,230,"i"
3952,2993,"i"
3967,2796,"i"
3981,512,"i"
3989,30,"i"
3991,1549,"i"
3992,1939,"i"
3998,48,"i"
4009,420,"i"
4010,2223,"i"
4014,442,"i"
4014,1865,"i"
4015,1369,"i"
4020,1399,"i"
4043,1444,"i"
4046,910,"i"
4050,2089,"i"
4056,304,"i"
4056,2794,"i"
4105,1572,"i"
4110,988,"i"
4137,2313,"i"
4141,860,"i"
4148,116,"i"
4155,2905,"i"
4158,1942,"i"
4167,2502,"i"
4182,587,"i"
4196,2603,"i"
4198,2557,"i"
4216,1499,"i"
4233,3171,"i"
4251,105,"i"
4259,1030,"i"
4267,2189,"i"
4310,1418,"i"
4318,2593,"i"
4320,669,"i"
4333,453,"i"
4348,2102,"i"
4352,1045,"i"
4361,804,"i"
4376,1826,"i"
4381,271,"i"
4382,278,"i"
4392,2273,"i"
4400,2941,"i"
4403,2050,"i"
4411,2916,"i"
4412,2569,"i"
4421,867,"i"
4437,884,"i"
4439,19,"i"
4455,1934,"i"
4459,138,"i"
4464,110,"i"
4471,143,"i"
4471,190,"i"
4475,3068,"i"
4496,1693,"i"
4504,1694,"i"
4505,2645,"i"
4533,224,"i"
4545,1479,"i"
4557,2247,"i"
4558,1533,"i"
4565,2909,"i"
4572,1654,"i"
4590,1264,"i"
4599,2405,"i"
4610,1284,"i"
4643,1767,"i"
4644,2886,"i"
4656,406,"i"
4660,98,"i"
4671,233,"i"
4672,2918,"i"
4677,1333,"i"
4694,922,"i"
4698,3090,"i"
4704,705,"i"
4708,76,"i"
4708,400,"i"
4739,357,"i"
4742,2295,"i"
4756,2308,"i"
4766,61,"i"
4783,2334,"i"
4797,184,"i"
4802,822,"i"
4806,57,"i"
4817,153,"i"
4821,1269,"i"
4823,2821,"i"
4829,117,"i"
4837,396,"i"
4844,72,"i"
4852,2817,"i"
4853,212,"i"
4857,1538,"i"
4858,702,"i"
4870,360,"i"
4871,1069,"i"
4874,1921,"i"
4895,603,"i"
4899,1670,"i"
4900,1361,"i"
4903,408,"i"
4907,306,"i"
4920,503,"i"
4934,2870,"i"
4942,210,"i"
4949,1419,"i"
4952,3243,"i"
4955,2254,"i"
4960,1721,"i"
4967,2459,"i"
4968,1121,"i"
4978,326,"i"
4997,2824,"i"
5002,227,"i"
5005,1183,"i"
5010,167,"i"
5011,2184,"i"
5014,125,"i"
5016,145,"i"
5027,683,"i"
5032,182,"i"
5032,2132,"i"
5036,2748,"i"
5038,665,"i"
5054,276,"i"
5060,2241,"i"
5066,1850,"i"
5071,961,"i"
5071,2856,"i"
5091,2013,"i"
5110,857,"i"
5119,3065,"i"
5124,170,"i"
5126,1161,"i"
5132,2850,"i"
5137,779,"i"
5144,858,"i"
5145,392,"i"
5147,310,"i"
5159,3122,"i"
5160,197,"i"
5160,418,"i"
5172,777,"i"
5173,921,"i"
5179,3388,"i"
5185,2262,"i"
5196,2235,"i"
5200,579,"i"
5207,341,"i"
5208,880,"i"
5247,1911,"i"
5259,3073,"i"
5266,2464,"i"
5278,823,"i"
5281,1639,"i"
5293,760,"i"
5298,414,"i"
5303,873,"i"
5309,3279,"i"
5316,198,"i"
5318,232,"i"
5321,644,"i"
5328,2421,"i"
5332,899,"i"
5344,36,"i"
5346,650,"i"
5358,338,"i"
5359,3443,"i"
5361,3177,"i"
5363,78,"i"
5363,1640,"i"
5367,279,"i"
5371,113,"i"
5377,2332,"i"
5378,1158,"i"
5388,2854,"i"
5393,720,"i"
5398,594,"i"
5403,923,"i"
5416,368,"i"
5417,216,"i"
5429,1978,"i"
5434,900,"i"
5436,1469,"i"
5437,2033,"i"
5461,886,"i"
5468,2306,"i"
5469,3036,"i"
5473,2381,"i"
5475,1377,"i"
5486,2133,"i"
5486,3037,"i"
5491,2986,"i"
5498,1765,"i"
5499,1954,"i"
5519,963,"i"
5523,2929,"i"
5549,2967,"i"
5555,1209,"i"
5556,109,"i"
5561,3052,"i"
5576,1747,"i"
5578,294,"i"
5578,792,"i"
5584,2071,"i"
5592,429,"i"
5601,549,"i"
5610,2908,"i"
5614,2618,"i"
5627,1140,"i"
5639,1288,"i"
5642,2580,"i"
5646,3069,"i"
5651,2975,"i"
5658,3107,"i"
5660,2214,"i"
5664,868,"i"
5666,54,"i"
5675,1991,"i"
5677,692,"i"
5683,1294,"i"
5684,3062,"i"
5687,3619,"i"
5697,2764,"i"
5710,756,"i"
5710,2625,"i"
5716,1580,"i"
5732,589,"i"
5743,2958,"i"
5748,2944,"i"
5750,3541,"i"
5756,1528,"i"
5758,2795,"i"
5770,258,"i"
5771,506,"i"
5794,162,"i"
5797,2954,"i"
5799,410,"i"
5801,1000,"i"
5805,531,"i"
5815,982,"i"
5817,782,"i"
5818,1350,"i"
5823,3300,"i"
5826,762,"i"
5827,181,"i"
5841,102,"i"
5856,927,"i"
5856,2879,"i"
5871,300,"i"
5879,3216,"i"
5884,462,"i"
5905,37,"i"
5905,325,"i"
5907,2365,"i"
5910,3050,"i"
5922,264,"i"
5926,204,"i"
5933,2354,"i"
5943,348,"i"
5948,111,"i"
5948,286,"i"
5955,2207,"i"
5984,2269,"i"
5990,128,"i"
5991,939,"i"
5993,564,"i"
5997,2124,"i"
6000,855,"i"
6000,3028,"i"
6008,1006,"i"
6021,529,"i"
6021,2374,"i"
6032,3424,"i"
6041,2540,"i"
6042,518,"i"
6056,2506,"i"
6058,2942,"i"
6061,2462,"i"
6065,2780,"i"
6068,269,"i"
6075,3495,"i"
6087,3012,"i"
6089,1024,"i"
6093,2218,"i"
6094,896,"i"
6106,2553,"i"
6107,944,"i"
6112,1063,"i"
6120,3635,"i"
6124,176,"i"
6124,3626,"i"
6128,1616,"i"
6128,2179,"i"
6130,108,"i"
6141,178,"i"
6141,2950,"i"
6143,2718,"i"
6152,3705,"i"
6159,2074,"i"
6164,2574,"i"
6167,2407,"i"
6169,63,"i"
6178,2347,"i"
6180,1902,"i"
6183,3128,"i"
6186,171,"i"
6194,2233,"i"
6198,2034,"i"
6205,1491,"i"
6216,1259,"i"
6230,2976,"i"
6237,2688,"i"
6242,478,"i"
6247,2775,"i"
6254,788,"i"
6257,616,"i"
6257,1387,"i"
6260,1310,"i"
6260,2079,"i"
6266,2969,"i"
6267,2461,"i"
6275,3399,"i"
6277,3281,"i"
6286,3520,"i"
6292,3139,"i"
6298,3426,"i"
6305,1614,"i"
6307,31,"i"
6307,1602,"i"
6313,628,"i"
6318,851,"i"
6319,1304,"i"
6323,450,"i"
6329,985,"i"
6331,1689,"i"
6333,3084,"i"
6335,3095,"i"
6341,1050,"i"
6343,1212,"i"
6346,1930,"i"
6356,2439,"i"
6358,3049,"i"
6361,87,"i"
6361,467,"i"
6370,345,"i"
6373,2182,"i"
6374,1809,"i"
6382,1848,"i"
6383,2453,"i"
6388,1762,"i"
6391,329,"i"
6397,313,"i"
6398,221,"i"
6402,144,"i"
6408,1274,"i"
6410,373,"i"
6414,1421,"i"
6417,275,"i"
6420,3381,"i"
6422,2014,"i"
6423,1550,"i"
6424,591,"i"
6427,3093,"i"
6428,649,"i"
6428,1462,"i"
6434,2739,"i"
6440,799,"i"
6441,3091,"i"
6458,556,"i"
6460,27,"i"
6463,2703,"i"
6467,1007,"i"
6474,790,"i"
6474,1623,"i"
6475,909,"i"
6475,2015,"i"
6476,3169,"i"
6477,2404,"i"
6479,301,"i"
6479,1286,"i"
6479,1407,"i"
6485,626,"i"
6491,46,"i"
6496,1130,"i"
6497,3118,"i"
6500,1909,"i"
6506,2331,"i"
6508,332,"i"
6508,1752,"i"
6515,3193,"i"
6516,660,"i"
6532,1705,"i"
6536,3011,"i"
6547,287,"i"
6562,3691,"i"
6570,2061,"i"
6582,1222,"i"
6582,2391,"i"
6588,202,"i"
6594,2616,"i"
6605,2649,"i"
6611,2040,"i"
6617,2517,"i"
6623,1303,"i"
6626,362,"i"
6629,1736,"i"
6634,2249,"i"
6639,487,"i"
6644,3778,"i"
6646,2924,"i"
6648,2174,"i"
6649,874,"i"
6662,1711,"i"
6667,1734,"i"
6670,1890,"i"
6673,803,"i"
6680,2956,"i"
6683,1351,"i"
6696,2831,"i"
6696,3229,"i"
6697,3422,"i"
6698,2319,"i"
6699,3727,"i"
6705,2912,"i"
6708,2883,"i"
6709,205,"i"
6722,203,"i"
6722,423,"i"
6723,1386,"i"
6732,2959,"i"
6737,303,"i"
6741,864,"i"
6744,183,"i"
6749,2510,"i"
6750,1098,"i"
6750,3151,"i"
6751,2100,"i"
6753,3293,"i"
6764,17,"i"
6771,1195,"i"
6774,1757,"i"
6775,641,"i"
6777,2869,"i"
6785,2203,"i"
6786,3728,"i"
6788,2963,"i"
6789,2162,"i"
6791,526,"i"
6792,83,"i"
6794,1815,"i"
6803,1396,"i"
6816,1359,"i"
6821,2444,"i"
6822,2486,"i"
6830,1713,"i"
6841,49,"i"
6842,263,"i"
6843,632,"i"
6849,99,"i"
6850,476,"i"
6851,1157,"i"
6855,1800,"i"
6856,1446,"i"
6866,1105,"i"
6867,1054,"i"
6874,3154,"i"
6878,1197,"i"
6880,2180,"i"
6883,957,"i"
6883,1657,"i"
6895,2532,"i"
6895,3646,"i"
6898,505,"i"
6902,2043,"i"
6904,2490,"i"
6911,2167,"i"
6912,118,"i"
6946,399,"i"
6949,721,"i"
6954,2515,"i"
6957,2568,"i"
6957,2799,"i"
6958,5,"i"
6958,3085,"i"
6959,561,"i"
6980,657,"i"
6983,2852,"i"
6991,2665,"i"
6992,1181,"i"
6992,1889,"i"
6994,1621,"i"
6994,2433,"i"
6996,772,"i"
6998,658,"i"
6999,1414,"i"
7001,2389,"i"
7003,2531,"i"
7019,2867,"i"
7021,2197,"i"
7029,3102,"i"
7031,1784,"i"
7033,2695,"i"
7036,2353,"i"
7043,859,"i"
7045,1906,"i"
7054,1251,"i"
7058,237,"i"
7058,2310,"i"
7059,2621,"i"
7064,3754,"i"
7073,1913,"i"
7083,829,"i"
7106,1590,"i"
7111,1466,"i"
7117,3310,"i"
7120,3526,"i"
7127,2053,"i"
7130,3572,"i"
7132,2896,"i"
7142,337,"i"
7146,2725,"i"
7152,1401,"i"
7159,333,"i"
7160,1301,"i"
7160,1595,"i"
7162,2732,"i"
7163,2276,"i"
7169,2432,"i"
7181,2968,"i"
7184,1214,"i"
7189,139,"i"
7192,585,"i"
7199,3058,"i"
7200,1820,"i"
7202,3054,"i"
7203,1849,"i"
7204,1490,"i"
7205,1753,"i"
7207,2328,"i"
7208,302,"i"
7217,177,"i"
7222,265,"i"
7224,1397,"i"
7224,1675,"i"
7225,386,"i"
7230,272,"i"
7231,2567,"i"
7237,956,"i"
7240,257,"i"
7242,3587,"i"
7253,356,"i"
7253,2784,"i"
7253,3354,"i"
7258,1754,"i"
7258,3074,"i"
7259,984,"i"
7271,2686,"i"
7273,668,"i"
7281,863,"i"
7282,3471,"i"
7283,417,"i"
7286,1962,"i"
962,1365,"i"
1785,1899,"i"
1881,124,"i"
2570,674,"i"
2609,1199,"i"
3046,337,"i"
3277,67,"i"
3620,733,"i"
3692,17,"i"
3693,655,"i"
3931,2499,"i"
3941,3047,"i"
3999,136,"i"
4060,123,"i"
4084,125,"i"
4229,329,"i"
4248,286,"i"
4332,292,"i"
4369,618,"i"
4477,26,"i"
4596,2710,"i"
4623,148,"i"
4786,207,"i"
4866,1800,"i"
4958,1158,"i"
5031,2534,"i"
5113,1307,"i"
5154,1510,"i"
5311,3366,"i"
5331,1076,"i"
5344,57,"i"
5395,14,"i"
5451,70,"i"
5474,1039,"i"
5479,2411,"i"
5520,2115,"i"
5574,1675,"i"
5607,1255,"i"
5631,1750,"i"
5659,2573,"i"
5703,3225,"i"
5725,1807,"i"
5737,177,"i"
5745,2872,"i"
5752,1566,"i"
5760,2148,"i"
5811,228,"i"
5831,74,"i"
5836,12,"i"
5929,1179,"i"
5989,255,"i"
6071,3176,"i"
6074,679,"i"
6086,1481,"i"
6136,1453,"i"
6156,1799,"i"
6162,2487,"i"
6180,1422,"i"
6239,2029,"i"
6275,2505,"i"
6282,2843,"i"
6291,1162,"i"
6299,3084,"i"
6341,2635,"i"
6344,1435,"i"
6346,2110,"i"
6364,598,"i"
6399,2312,"i"
6408,2347,"i"
6421,1668,"i"
6427,2996,"i"
6495,3147,"i"
6511,2724,"i"
6532,1134,"i"
6540,2201,"i"
6545,1203,"i"
6572,3233,"i"
6643,1423,"i"
6645,3809,"i"
6663,465,"i"
6682,968,"i"
6683,1121,"i"
6732,2654,"i"
6735,839,"i"
6762,593,"i"
6769,1767,"i"
6800,326,"i"
6802,3647,"i"
6803,958,"i"
6809,1719,"i"
6818,543,"i"
6834,283,"i"
6860,1409,"i"
6861,235,"i"
6864,2078,"i"
6868,846,"i"
6882,1535,"i"
6883,2677,"i"
6887,2010,"i"
6933,2733,"i"
6944,2951,"i"
6952,3739,"i"
6961,1820,"i"
6964,539,"i"
6967,2248,"i"
6968,872,"i"
6975,2587,"i"
6979,2938,"i"
7004,204,"i"
7012,3622,"i"
7018,1925,"i"
7023,1921,"i"
7029,3825,"i"
7039,1726,"i"
7044,2007,"i"
7057,3421,"i"
7113,2334,"i"
7120,741,"i"
7125,1794,"i"
7131,3860,"i"
7162,942,"i"
7178,1072,"i"
7218,2809,"i"
7227,3246,"i"
7252,2021,"i"
7257,2937,"i"
7274,155,"i"
7293,1658,"i"
7293,1842,"i"
1651,1105,"i"
2195,198,"i"
2257,185,"i"
2732,1573,"i"
3009,811,"i"
3281,397,"i"
3359,2074,"i"
3463,2674,"i"
3477,268,"i"
3505,2798,"i"
3540,807,"i"
3650,144,"i"
3773,1335,"i"
3776,928,"i"
4024,3531,"i"
4226,3759,"i"
4265,623,"i"
4323,633,"i"
4387,2495,"i"
4437,3382,"i"
4440,140,"i"
4447,1475,"i"
4449,2825,"i"
4527,1257,"i"
4528,3250,"i"
4537,492,"i"
4544,1904,"i"
4548,1543,"i"
4559,291,"i"
4575,2441,"i"
4577,2278,"i"
4592,1631,"i"
4615,76,"i"
4666,2713,"i"
4689,2556,"i"
4723,1068,"i"
4788,737,"i"
4791,2348,"i"
4822,3150,"i"
4842,3128,"i"
4887,777,"i"
4908,2597,"i"
4913,428,"i"
4933,2797,"i"
4956,3883,"i"
4959,1763,"i"
4972,1672,"i"
4974,2479,"i"
4988,2590,"i"
5011,1978,"i"
5060,1820,"i"
5061,3289,"i"
5063,2830,"i"
5075,294,"i"
5078,3521,"i"
5107,2897,"i"
5108,149,"i"
5150,2416,"i"
5154,3006,"i"
5164,1792,"i"
5185,992,"i"
5217,867,"i"
5225,239,"i"
5246,1282,"i"
5261,575,"i"
5272,2506,"i"
5272,3402,"i"
5292,3855,"i"
5303,4383,"i"
5313,4193,"i"
5326,722,"i"
5327,271,"i"
5335,1137,"i"
5343,2716,"i"
5353,865,"i"
5377,3053,"i"
5378,311,"i"
5380,1771,"i"
5406,3291,"i"
5414,3616,"i"
5421,4271,"i"
5432,301,"i"
5439,80,"i"
5449,500,"i"
5455,1432,"i"
5465,2448,"i"
5473,3001,"i"
5483,766,"i"
5502,1711,"i"
5505,1496,"i"
5537,341,"i"
5553,303,"i"
5556,2601,"i"
5559,4155,"i"
5572,3972,"i"
5574,2325,"i"
5589,1007,"i"
5596,3035,"i"
5606,4171,"i"
5629,290,"i"
5644,2677,"i"
5655,160,"i"
5657,1912,"i"
5661,3827,"i"
5673,1279,"i"
5687,881,"i"
5688,1512,"i"
5715,408,"i"
5768,2538,"i"
5770,1449,"i"
5795,541,"i"
5797,3118,"i"
5805,1911,"i"
5813,518,"i"
5813,1705,"i"
5818,421,"i"
5842,2259,"i"
5849,3539,"i"
5855,3611,"i"
5856,84,"i"
5870,4526,"i"
5871,1587,"i"
5877,4200,"i"
5894,4098,"i"
5898,3049,"i"
5901,3414,"i"
5918,3520,"i"
5919,2996,"i"
5921,2472,"i"
5927,1602,"i"
5941,4062,"i"
5945,4362,"i"
5947,1959,"i"
5955,2272,"i"
5974,2994,"i"
5992,147,"i"
5992,4482,"i"
5994,63,"i"
5994,1459,"i"
6004,2102,"i"
6012,4046,"i"
6019,2476,"i"
6034,2146,"i"
6041,3051,"i"
6042,4623,"i"
6044,414,"i"
6046,3556,"i"
6051,306,"i"
6051,3086,"i"
6056,3152,"i"
6070,2192,"i"
6083,296,"i"
6088,1032,"i"
6091,277,"i"
6101,3519,"i"
6106,319,"i"
6108,2710,"i"
6115,1473,"i"
6120,2302,"i"
6123,445,"i"
6124,1774,"i"
6138,2941,"i"
6148,1213,"i"
6159,2426,"i"
6164,936,"i"
6183,3953,"i"
6200,352,"i"
6201,1558,"i"
6210,4083,"i"
6211,1397,"i"
6274,162,"i"
6275,1458,"i"
6285,3949,"i"
6288,2699,"i"
6291,451,"i"
6292,75,"i"
6299,2198,"i"
6303,1855,"i"
6304,3334,"i"
6310,1561,"i"
6311,4496,"i"
6319,3202,"i"
6323,3536,"i"
6324,2445,"i"
6326,4501,"i"
6338,2632,"i"
6349,2907,"i"
6350,2285,"i"
6367,2712,"i"
6371,3349,"i"
6373,2367,"i"
6375,1122,"i"
6390,4261,"i"
6401,831,"i"
6406,3745,"i"
6411,765,"i"
6412,2768,"i"
6412,3199,"i"
6414,318,"i"
6422,1946,"i"
6425,33,"i"
6438,3242,"i"
6441,2702,"i"
6442,802,"i"
6449,3327,"i"
6451,3228,"i"
6453,2308,"i"
6474,4314,"i"
6481,1359,"i"
6508,3895,"i"
6510,3762,"i"
6523,3088,"i"
6547,567,"i"
6548,1510,"i"
6568,2792,"i"
6585,1921,"i"
6589,3765,"i"
6595,1709,"i"
6600,3386,"i"
6602,2457,"i"
6604,2235,"i"
6613,2948,"i"
6630,4039,"i"
6634,2567,"i"
6638,1885,"i"
6639,3636,"i"
6645,1833,"i"
6654,1658,"i"
6662,2974,"i"
6662,3885,"i"
6663,2824,"i"
6666,4483,"i"
6673,2629,"i"
6688,2117,"i"
6691,2537,"i"
6694,4299,"i"
6712,1088,"i"
6716,2120,"i"
6719,405,"i"
6723,379,"i"
6731,1664,"i"
6732,763,"i"
6748,4646,"i"
6756,4566,"i"
6761,317,"i"
6761,3039,"i"
6786,473,"i"
6791,3869,"i"
6792,1507,"i"
6795,4364,"i"
6798,993,"i"
6798,3694,"i"
6801,2667,"i"
6808,3979,"i"
6813,743,"i"
6822,4684,"i"
6824,1205,"i"
6841,3424,"i"
6843,1222,"i"
6844,116,"i"
6848,3102,"i"
6850,3621,"i"
6852,86,"i"
6852,4334,"i"
6856,3523,"i"
6859,2365,"i"
6863,4139,"i"
6875,2782,"i"
6877,233,"i"
6882,892,"i"
6889,2585,"i"
6892,136,"i"
6915,2376,"i"
6920,491,"i"
6920,1610,"i"
6921,109,"i"
6923,3803,"i"
6940,4504,"i"
6949,1686,"i"
6950,2283,"i"
6953,2769,"i"
6971,163,"i"
6973,495,"i"
6973,3474,"i"
6975,3237,"i"
6986,4203,"i"
7023,1538,"i"
7025,3532,"i"
7035,2950,"i"
7037,3449,"i"
7042,3144,"i"
7070,3339,"i"
7079,748,"i"
7094,1981,"i"
7096,4570,"i"
7098,342,"i"
7101,4930,"i"
7104,1542,"i"
7105,312,"i"
7105,4241,"i"
7116,3319,"i"
7121,1155,"i"
7128,2242,"i"
7132,3398,"i"
7140,2469,"i"
7142,3700,"i"
7144,1239,"i"
7148,1231,"i"
7156,1441,"i"
7160,3918,"i"
7162,3127,"i"
7165,2801,"i"
7165,3995,"i"
7173,2449,"i"
7176,3094,"i"
7176,4247,"i"
7178,856,"i"
7180,913,"i"
7180,2642,"i"
7183,2190,"i"
7197,238,"i"
7211,3489,"i"
7214,3500,"i"
7215,2811,"i"
7216,3207,"i"
7218,256,"i"
7228,4009,"i"
7229,2486,"i"
7229,2958,"i"
7240,2343,"i"
7245,965,"i"
7247,822,"i"
7250,3417,"i"
7254,1599,"i"
7254,2196,"i"
7264,3032,"i"
7267,4369,"i"
7274,661,"i"
7279,3670,"i"
7280,2851,"i"
7281,1391,"i"
7290,2829,"i"
7292,2352,"i"
3683,1105,"i"
4785,473,"i"
4885,2074,"i"
2237,185,"i"
2483,201,"i"
2621,2452,"i"
3356,1330,"i"
3368,442,"i"
3502,2074,"i"
4857,998,"i"
4992,82,"i"
2157,1105,"i"
2659,541,"i"
2963,2452,"i"
6127,939,"i"
6152,4047,"i"
6277,473,"i"
6313,2074,"i"
6382,3103,"i"
6431,184,"i"
6698,2299,"i"
6707,3417,"i"
6979,4002,"i"
6997,1404,"i"
7017,524,"i"
7032,3368,"i"
7078,4888,"i"
7113,2760,"i"
7230,185,"i"
7235,4905,"i"
7298,2068,"i"
4067,1105,"i"
4613,2452,"i"
5817,185,"i"
5966,1221,"i"
6653,541,"i"
1221,1105,"i"
1232,2452,"i"
4055,185,"i"
661,185,"i"
1114,2074,"i"
2046,2452,"i"
1985,185,"i"
2398,541,"i"
4483,2074,"i"
4694,2452,"i"
60,185,"i"
5909,2435,"i"
6261,2378,"i"
6535,2120,"i"
6915,811,"i"
7049,3732,"i"
7068,559,"i"
7119,3042,"i"
7208,1634,"i"
7243,3597,"i"
7275,1814,"i"
117,2452,"i"
1773,2074,"i"
2485,185,"i"
3349,636,"i"
3718,1585,"i"
3904,2006,"i"
4060,162,"i"
4374,60,"i"
4392,2053,"i"
4666,422,"i"
4742,1750,"i"
4814,436,"i"
4833,2030,"i"
5151,292,"i"
5221,398,"i"
5310,232,"i"
5504,58,"i"
5627,304,"i"
5774,1329,"i"
5806,417,"i"
5843,211,"i"
5872,963,"i"
5938,1369,"i"
5945,652,"i"
6063,593,"i"
6129,377,"i"
6169,287,"i"
6189,2143,"i"
6221,2217,"i"
6330,235,"i"
6331,2458,"i"
6358,231,"i"
6386,74,"i"
6406,1191,"i"
6431,43,"i"
6480,967,"i"
6484,1269,"i"
6504,1792,"i"
6535,1875,"i"
6541,897,"i"
6549,612,"i"
6604,843,"i"
6610,2401,"i"
6648,1292,"i"
6658,2192,"i"
6659,2035,"i"
6715,1881,"i"
6741,221,"i"
1580,356,"i"
2788,1105,"i"
3341,342,"i"
3459,2452,"i"
3521,896,"i"
3669,649,"i"
4020,328,"i"
4085,2074,"i"
4198,206,"i"
4279,1176,"i"
4282,185,"i"
4307,997,"i"
4320,2553,"i"
4620,184,"i"
4907,836,"i"
4941,135,"i"
4949,2396,"i"
4973,212,"i"
5156,1735,"i"
5188,788,"i"
5240,160,"i"
5243,541,"i"
5325,612,"i"
5355,2473,"i"
5374,288,"i"
5400,2101,"i"
5422,1744,"i"
5499,839,"i"
2552,541,"i"
3195,1105,"i"
3621,185,"i"
4733,3654,"i"
5177,708,"i"
5195,473,"i"
5220,4519,"i"
5262,3720,"i"
5399,342,"i"
5416,2512,"i"
5417,4475,"i"
5432,2879,"i"
5572,3880,"i"
5616,496,"i"
5668,2810,"i"
5701,3560,"i"
5740,1941,"i"
5804,1270,"i"
5844,3645,"i"
5851,4513,"i"
5881,2130,"i"
5909,63,"i"
5927,3729,"i"
5931,3762,"i"
5932,1618,"i"
5933,2276,"i"
5936,2974,"i"
5952,5095,"i"
5968,1678,"i"
5971,317,"i"
5972,2681,"i"
5977,1490,"i"
5980,1578,"i"
5989,3325,"i"
5998,347,"i"
6015,4203,"i"
6021,3046,"i"
6038,1042,"i"
6038,2452,"i"
6043,1733,"i"
6057,573,"i"
6062,4369,"i"
6076,2893,"i"
6081,351,"i"
6087,3393,"i"
6093,1652,"i"
6100,251,"i"
6101,2221,"i"
6104,1242,"i"
6119,4355,"i"
6139,3820,"i"
6180,656,"i"
6191,423,"i"
6213,4609,"i"
6221,5159,"i"
6226,3550,"i"
6236,2707,"i"
6299,2699,"i"
6335,867,"i"
6345,4173,"i"
6371,2993,"i"
6373,2486,"i"
6374,1096,"i"
6384,420,"i"
6390,3555,"i"
6410,1464,"i"
6418,490,"i"
6434,3788,"i"
6442,5055,"i"
6444,866,"i"
6462,2100,"i"
6474,472,"i"
6480,136,"i"
6508,2883,"i"
6513,4136,"i"
6544,125,"i"
6549,512,"i"
6553,4142,"i"
6567,5526,"i"
6571,3233,"i"
6573,1793,"i"
6574,3316,"i"
6574,4276,"i"
6576,3517,"i"
6576,4595,"i"
6578,4444,"i"
6615,4380,"i"
6626,2356,"i"
6647,4943,"i"
6651,4628,"i"
6653,1131,"i"
6654,2931,"i"
6661,3623,"i"
6666,2899,"i"
6670,1832,"i"
6681,1430,"i"
6689,1539,"i"
6694,4618,"i"
6698,176,"i"
6709,2995,"i"
6713,108,"i"
6722,667,"i"
6727,2058,"i"
6730,4877,"i"
6738,2976,"i"
6750,4970,"i"
6760,3717,"i"
6768,1187,"i"
6787,358,"i"
6795,4163,"i"
6807,1781,"i"
6809,665,"i"
6814,5281,"i"
6818,4647,"i"
6831,2838,"i"
6837,1700,"i"
6840,3346,"i"
6876,1633,"i"
6882,2776,"i"
6903,2680,"i"
6912,3498,"i"
6922,1180,"i"
6922,4261,"i"
6922,5066,"i"
6923,90,"i"
6925,2747,"i"
6925,3718,"i"
6940,4735,"i"
6947,2765,"i"
6962,123,"i"
6977,4310,"i"
6981,1045,"i"
6990,2320,"i"
6990,4859,"i"
6997,2770,"i"
6997,3787,"i"
7000,4032,"i"
7002,3230,"i"
7007,3211,"i"
7016,2121,"i"
7034,3466,"i"
7034,4225,"i"
7037,2558,"i"
7038,1247,"i"
7039,214,"i"
7039,3745,"i"
7045,2561,"i"
7046,4384,"i"
7047,5449,"i"
7053,3925,"i"
7054,3650,"i"
7055,3429,"i"
7063,1007,"i"
7073,686,"i"
7078,3822,"i"
7084,359,"i"
7091,2333,"i"
7125,2249,"i"
7126,4098,"i"
7127,6228,"i"
7129,605,"i"
7132,5041,"i"
7134,4496,"i"
7149,2823,"i"
7163,3218,"i"
7164,6082,"i"
7179,1108,"i"
7182,3536,"i"
7196,5254,"i"
7204,4919,"i"
7215,5125,"i"
7232,501,"i"
7233,141,"i"
7233,312,"i"
7233,331,"i"
7240,4860,"i"
7261,1481,"i"
7262,1853,"i"
7266,3032,"i"
7282,4958,"i"
7283,702,"i"
7283,3899,"i"
7287,2800,"i"
7287,3957,"i"
7289,170,"i"
7296,1480,"i"
1945,1445,"i"
2238,185,"i"
2766,3337,"i"
2825,4135,"i"
2985,4921,"i"
2994,4219,"i"
3072,3033,"i"
3190,945,"i"
3196,3564,"i"
3381,613,"i"
3404,3703,"i"
3414,5180,"i"
3450,6207,"i"
3526,4338,"i"
3532,4604,"i"
3559,755,"i"
3571,1432,"i"
3582,3932,"i"
3596,5779,"i"
1240,2452,"i"
2900,1849,"i"
2919,4159,"i"
2967,7311,"i"
3012,6312,"i"
3031,7948,"i"
3046,1726,"i"
3046,6382,"i"
3052,1265,"i"
3083,744,"i"
3095,205,"i"
3098,3477,"i"
3098,3643,"i"
3129,6252,"i"
3191,3318,"i"
3210,6090,"i"
3219,2098,"i"
3225,8136,"i"
3236,879,"i"
3249,7265,"i"
3292,6471,"i"
3294,185,"i"
3296,2445,"i"
3346,948,"i"
3360,9510,"i"
3361,4603,"i"
3372,8239,"i"
3380,6687,"i"
3397,7290,"i"
3400,8358,"i"
3407,4363,"i"
3410,9060,"i"
3413,2657,"i"
3416,2735,"i"
3436,4590,"i"
3436,5647,"i"
3453,1835,"i"
3465,681,"i"
3470,2108,"i"
3472,7749,"i"
3473,4742,"i"
3485,121,"i"
3496,6907,"i"
3513,9988,"i"
3515,7694,"i"
3531,7301,"i"
3543,1973,"i"
3552,6481,"i"
3558,1542,"i"
3563,607,"i"
3605,7292,"i"
3610,408,"i"
3610,6642,"i"
3618,833,"i"
3621,7297,"i"
3626,4623,"i"
3639,4245,"i"
3640,211,"i"
3643,5309,"i"
3662,5115,"i"
3679,415,"i"
3683,6026,"i"
3690,4308,"i"
3703,10926,"i"
3704,2667,"i"
3705,721,"i"
3706,7866,"i"
3711,2322,"i"
3731,1714,"i"
3737,1309,"i"
3738,11314,"i"
3739,897,"i"
3746,4110,"i"
3753,3178,"i"
3762,828,"i"
3764,6563,"i"
3765,8245,"i"
3782,3922,"i"
3795,1307,"i"
3817,3229,"i"
3822,2125,"i"
3822,5404,"i"
3828,2263,"i"
3828,8665,"i"
3829,2490,"i"
3833,6846,"i"
3833,11834,"i"
3835,837,"i"
3845,6131,"i"
3845,7007,"i"
3852,5931,"i"
3854,3792,"i"
3865,7383,"i"
3878,476,"i"
3880,9887,"i"
3900,5349,"i"
3906,3048,"i"
3914,131,"i"
3921,863,"i"
3921,8620,"i"
3929,10611,"i"
3932,8490,"i"
3953,2365,"i"
3953,10218,"i"
3957,2026,"i"
3957,8939,"i"
3963,5669,"i"
3973,788,"i"
3980,2721,"i"
3982,3202,"i"
3982,7545,"i"
3982,10178,"i"
3993,3957,"i"
3994,2856,"i"
3997,7868,"i"
4003,5403,"i"
4012,8460,"i"
4023,2110,"i"
4025,1688,"i"
4029,6013,"i"
4030,1413,"i"
4036,2675,"i"
4037,1593,"i"
4044,4357,"i"
4054,5516,"i"
4055,494,"i"
4056,7762,"i"
4066,1622,"i"
4077,9512,"i"
4083,6640,"i"
4090,11306,"i"
4107,4,"i"
4115,11824,"i"
4120,9506,"i"
4121,7771,"i"
4126,7246,"i"
4127,4301,"i"
4132,11453,"i"
4136,13081,"i"
4143,8649,"i"
4148,891,"i"
4156,610,"i"
1585,4016,"i"
1737,5313,"i"
2009,8371,"i"
2073,968,"i"
2086,2205,"i"
2106,2210,"i"
2108,6240,"i"
2171,7073,"i"
2171,7995,"i"
2174,5093,"i"
2234,5355,"i"
2286,408,"i"
2288,495,"i"
2291,5701,"i"
2352,4666,"i"
2371,9488,"i"
2382,1304,"i"
2421,4673,"i"
2452,7133,"i"
2452,8562,"i"
2476,11760,"i"
2494,6829,"i"
2519,2900,"i"
2523,773,"i"
2527,3214,"i"
2536,5210,"i"
2554,9872,"i"
2570,10575,"i"
2573,7640,"i"
2596,8333,"i"
2608,2451,"i"
2612,10530,"i"
2627,3771,"i"
2643,190,"i"
2644,3838,"i"
2649,8357,"i"
2655,657,"i"
2657,2704,"i"
2662,5377,"i"
2665,12322,"i"
2672,9968,"i"
2673,12901,"i"
2679,6680,"i"
2690,14048,"i"
2699,460,"i"
2705,4561,"i"
2708,4951,"i"
2712,10171,"i"
2726,6911,"i"
2750,3254,"i"
2761,8745,"i"
2775,6345,"i"
2783,343,"i"
2783,8554,"i"
2786,3716,"i"
2795,11598,"i"
2795,13955,"i"
2798,9727,"i"
2799,12181,"i"
2827,4720,"i"
2837,1072,"i"
2846,6223,"i"
2849,11227,"i"
2853,12171,"i"
2857,5123,"i"
2676,13681,"i"
2796,742,"i"
2922,362,"i"
2950,2452,"i"
2984,15782,"i"
3021,3267,"i"
3062,8619,"i"
3086,19971,"i"
3101,14279,"i"
3104,12363,"i"
3118,18032,"i"
3136,13817,"i"
3138,541,"i"
3166,1891,"i"
3182,18679,"i"
3187,12603,"i"
3191,11973,"i"
3194,11452,"i"
3201,17374,"i"
3203,17052,"i"
3206,13406,"i"
3218,18064,"i"
3219,9503,"i"
3219,18946,"i"
3226,13730,"i"
1959,13545,"i"
1973,7905,"i"
1997,13146,"i"
2214,4355,"i"
2223,10721,"i"
2252,16414,"i"
2254,20345,"i"
2256,9371,"i"
2308,4675,"i"
2314,10374,"i"
2349,15675,"i"
2350,10883,"i"
2352,15883,"i"
2355,11855,"i"
2366,18374,"i"
2380,11084,"i"
2398,11591,"i"
2416,12386,"i"
2419,8599,"i"
2423,23149,"i"
2426,16297,"i"
2426,21515,"i"
2427,5897,"i"
2435,5775,"i"
2445,6354,"i"
2455,25013,"i"
2456,8795,"i"
2460,20195,"i"
2467,18545,"i"
2470,15199,"i"
2475,10503,"i"
2476,18795,"i"
2477,8433,"i"
2487,9860,"i"
2488,8126,"i"
2489,16135,"i"
2498,12865,"i"
2504,310,"i"
2505,16447,"i"
2513,21692,"i"
2522,188,"i"
2524,18373,"i"
2536,10474,"i"
2539,18524,"i"
2543,3564,"i"
2550,4781,"i"
2556,11792,"i"
2565,12368,"i"
2565,18402,"i"
2567,30177,"i"
2569,3463,"i"
2578,5923,"i"
2578,27996,"i"
2583,4993,"i"
2587,19253,"i"
2592,17290,"i"
2595,1326,"i"
2599,6647,"i"
2607,644,"i"
2608,15462,"i"
2609,15502,"i"
2611,5985,"i"
2614,20470,"i"
2616,15716,"i"
2626,2857,"i"
2627,16697,"i"
2628,23199,"i"
2635,18817,"i"
2639,125,"i"
2639,1057,"i"
2642,5583,"i"
2642,10947,"i"
2650,16499,"i"
2661,28177,"i"
2662,16531,"i"
2671,16599,"i"
2678,7387,"i"
2693,11899,"i"
2694,13696,"i"
2694,25303,"i"
2698,26082,"i"
2703,17251,"i"
2706,16549,"i"
2710,23022,"i"
2711,18593,"i"
2714,20659,"i"
2717,15120,"i"
2718,10199,"i"
2729,18296,"i"
2730,27020,"i"
2732,32164,"i"
2737,16173,"i"
2738,400,"i"
2741,29656,"i"
2750,28584,"i"
2751,17348,"i"
2754,13723,"i"
2754,21729,"i"
2759,12705,"i"
2760,13145,"i"
519,185,"i"
1229,2074,"i"
2899,185,"i"
3090,813,"i"
4170,360,"i"
4398,1932,"i"
344,634,"i"
1185,360,"i"
3288,813,"i"
3595,1932,"i"
4550,1135,"i"
4725,197,"i"
5709,2249,"i"
3450,813,"i"
3450,1932,"i"
5281,360,"i"
5313,197,"i"
5689,1439,"i"
5851,634,"i"
6667,1135,"i"
1158,1226,"i"
1637,242,"i"
2366,634,"i"
2369,287,"i"
3044,338,"i"
3401,360,"i"
3647,755,"i"
3695,830,"i"
3927,272,"i"
3980,1120,"i"
4057,273,"i"
4082,269,"i"
4101,327,"i"
4140,632,"i"
4257,2584,"i"
4328,1365,"i"
4690,309,"i"
4723,318,"i"
4789,1544,"i"
4791,2933,"i"
4826,2432,"i"
4898,961,"i"
4909,705,"i"
4950,803,"i"
5044,1890,"i"
5091,2784,"i"
5135,2445,"i"
5142,1442,"i"
5268,2379,"i"
5357,133,"i"
5363,2867,"i"
5366,404,"i"
5436,589,"i"
5519,878,"i"
5545,175,"i"
5549,178,"i"
5559,91,"i"
5588,2337,"i"
5599,483,"i"
5737,508,"i"
5755,1361,"i"
5771,396,"i"
5786,593,"i"
5790,957,"i"
5791,1392,"i"
5797,373,"i"
5831,896,"i"
5833,880,"i"
5854,1528,"i"
5855,288,"i"
5873,573,"i"
5887,686,"i"
5892,1676,"i"
5912,380,"i"
5913,79,"i"
5932,2475,"i"
5950,1114,"i"
5989,1218,"i"
6002,1096,"i"
6019,2160,"i"
6038,150,"i"
6066,197,"i"
6126,2999,"i"
6145,2688,"i"
6162,2734,"i"
6170,1735,"i"
6184,2840,"i"
6228,2227,"i"
6233,1255,"i"
6239,128,"i"
6254,217,"i"
6260,402,"i"
6274,3018,"i"
6285,2593,"i"
6289,489,"i"
6319,1280,"i"
6325,2742,"i"
6332,2021,"i"
6338,216,"i"
6359,1115,"i"
6365,54,"i"
6368,1661,"i"
6369,2614,"i"
6386,2966,"i"
6393,1783,"i"
6397,1073,"i"
6399,597,"i"
6431,601,"i"
6457,1769,"i"
6473,343,"i"
6492,2194,"i"
6505,1504,"i"
6519,1595,"i"
6554,2934,"i"
6561,20,"i"
6563,813,"i"
6563,2774,"i"
6576,381,"i"
6603,68,"i"
6619,1932,"i"
6622,296,"i"
6632,107,"i"
6633,1773,"i"
6640,1965,"i"
6647,237,"i"
6651,1051,"i"
6671,2294,"i"
6680,123,"i"
6685,543,"i"
6689,2591,"i"
6715,1135,"i"
6716,3012,"i"
6717,1745,"i"
6723,46,"i"
6784,2729,"i"
6796,1043,"i"
6802,1398,"i"
6805,2281,"i"
6811,2542,"i"
6836,2452,"i"
6842,2315,"i"
6851,2643,"i"
6851,2964,"i"
6917,51,"i"
6925,549,"i"
6928,1376,"i"
6931,2967,"i"
6940,3224,"i"
6958,1319,"i"
6963,1461,"i"
6963,2968,"i"
6975,348,"i"
6990,2658,"i"
6992,2652,"i"
7020,1846,"i"
7026,825,"i"
7048,1402,"i"
7050,2711,"i"
7077,1898,"i"
7099,3130,"i"
7104,735,"i"
7113,3068,"i"
7117,1341,"i"
7137,2691,"i"
7139,231,"i"
7152,377,"i"
7163,223,"i"
7167,154,"i"
7186,2569,"i"
7193,1112,"i"
7193,1904,"i"
7205,400,"i"
7210,470,"i"
7214,2244,"i"
7217,101,"i"
7218,3085,"i"
7236,2472,"i"
7255,1808,"i"
7280,2655,"i"
7296,962,"i"
7296,1256,"i"
1381,205,"i"
1476,2424,"i"
1996,2514,"i"
2271,804,"i"
2289,318,"i"
2304,131,"i"
2354,2413,"i"
3071,1695,"i"
3234,76,"i"
3237,1640,"i"
3244,891,"i"
3246,331,"i"
3279,2029,"i"
3299,2327,"i"
3313,479,"i"
3318,526,"i"
3344,2310,"i"
3347,2123,"i"
3426,690,"i"
3426,1720,"i"
3440,2072,"i"
3482,972,"i"
3774,1394,"i"
3795,1553,"i"
3822,1968,"i"
3846,2724,"i"
3887,350,"i"
3936,485,"i"
3944,549,"i"
4056,423,"i"
4070,484,"i"
4084,197,"i"
4117,175,"i"
4166,694,"i"
4168,458,"i"
4182,19,"i"
4185,33,"i"
4188,1426,"i"
4250,2756,"i"
4252,142,"i"
4325,235,"i"
4338,2028,"i"
4349,310,"i"
4349,2269,"i"
4364,1105,"i"
4371,625,"i"
4380,351,"i"
4401,243,"i"
4417,427,"i"
4418,863,"i"
4428,1438,"i"
4463,1476,"i"
4488,1643,"i"
4510,2348,"i"
4517,553,"i"
4574,2026,"i"
4599,1151,"i"
4610,259,"i"
4615,515,"i"
4634,360,"i"
4654,79,"i"
4674,194,"i"
4693,1916,"i"
4717,73,"i"
4718,698,"i"
4767,2247,"i"
4781,1814,"i"
4831,499,"i"
4839,469,"i"
4848,298,"i"
4878,728,"i"
4881,819,"i"
4888,283,"i"
4895,72,"i"
4906,588,"i"
4910,2335,"i"
4928,2239,"i"
4929,2100,"i"
4955,25,"i"
4978,1772,"i"
4982,2761,"i"
4988,810,"i"
4989,443,"i"
5005,135,"i"
5011,1072,"i"
5018,2737,"i"
5064,1888,"i"
5072,605,"i"
5079,1441,"i"
5090,1468,"i"
5105,218,"i"
5141,893,"i"
5175,1592,"i"
5184,2495,"i"
5202,2835,"i"
5203,1,"i"
5203,219,"i"
5214,1960,"i"
5235,1212,"i"
5242,74,"i"
5261,223,"i"
5318,170,"i"
5324,1102,"i"
5329,2219,"i"
5343,49,"i"
5388,1550,"i"
5413,24,"i"
5413,1924,"i"
5437,294,"i"
5444,53,"i"
5454,2578,"i"
5471,2445,"i"
5483,2529,"i"
5489,2122,"i"
5514,1855,"i"
5518,343,"i"
5523,1240,"i"
5527,2526,"i"
5563,202,"i"
5575,1868,"i"
5577,136,"i"
5615,564,"i"
5616,1288,"i"
5622,1944,"i"
5627,80,"i"
5658,38,"i"
5687,2320,"i"
5689,2102,"i"
5700,455,"i"
5707,652,"i"
5709,2068,"i"
5724,2536,"i"
2718,405,"i"
2803,1063,"i"
3880,1932,"i"
3897,1651,"i"
3943,1312,"i"
4283,451,"i"
4449,693,"i"
4500,634,"i"
4534,1295,"i"
4619,1253,"i"
4698,2285,"i"
5001,813,"i"
5043,666,"i"
5066,1166,"i"
5103,1921,"i"
5138,1349,"i"
5279,1286,"i"
5458,235,"i"
5466,2155,"i"
5519,1502,"i"
5524,137,"i"
5566,1366,"i"
5568,2234,"i"
5587,144,"i"
5591,2240,"i"
5612,1694,"i"
5614,352,"i"
5659,578,"i"
5695,2169,"i"
5711,199,"i"
5749,128,"i"
5757,143,"i"
5768,2555,"i"
5771,1181,"i"
5807,2587,"i"
5814,2823,"i"
5877,652,"i"
5894,2825,"i"
5930,1275,"i"
5954,2200,"i"
6021,1672,"i"
6074,1331,"i"
6081,2037,"i"
6102,1031,"i"
6103,559,"i"
6105,1400,"i"
6112,2033,"i"
6134,1712,"i"
6164,649,"i"
6168,289,"i"
6188,2796,"i"
6207,2821,"i"
6234,631,"i"
6252,2053,"i"
6265,380,"i"
6366,1509,"i"
6382,1963,"i"
6399,2518,"i"
6421,512,"i"
6475,1864,"i"
6507,1090,"i"
6511,220,"i"
6512,345,"i"
6517,2070,"i"
6550,2242,"i"
6555,113,"i"
6616,482,"i"
6653,791,"i"
6698,2606,"i"
6721,83,"i"
6729,1635,"i"
6734,388,"i"
6743,445,"i"
6756,278,"i"
6757,2969,"i"
6769,2774,"i"
6808,2347,"i"
6820,2272,"i"
6842,200,"i"
6876,824,"i"
6895,316,"i"
6905,2572,"i"
6909,2397,"i"
6911,1125,"i"
6917,339,"i"
6921,1205,"i"
6926,2777,"i"
6927,937,"i"
6936,2700,"i"
6944,1954,"i"
6974,2284,"i"
6982,2135,"i"
7006,1214,"i"
7012,2369,"i"
7023,197,"i"
7048,275,"i"
7077,759,"i"
7106,1441,"i"
7109,1541,"i"
7116,2580,"i"
7123,2594,"i"
7129,1333,"i"
7133,468,"i"
7185,2538,"i"
7193,2804,"i"
7199,17,"i"
7201,1489,"i"
7208,1527,"i"
7249,1539,"i"
7269,1204,"i"
7273,2400,"i"
7274,1347,"i"
7275,2083,"i"
7282,1787,"i"
203,1135,"i"
2645,28,"i"
3059,1691,"i"
3682,2313,"i"
3752,1815,"i"
3792,634,"i"
3896,2446,"i"
3987,458,"i"
3987,1679,"i"
4214,2320,"i"
4245,1266,"i"
4305,437,"i"
4332,337,"i"
4333,1390,"i"
4374,42,"i"
4416,2824,"i"
4434,834,"i"
4504,1033,"i"
4507,2166,"i"
4582,2035,"i"
4682,277,"i"
4692,2876,"i"
4772,475,"i"
4818,1060,"i"
4841,1578,"i"
4901,202,"i"
4925,2014,"i"
4998,297,"i"
5060,2364,"i"
5079,396,"i"
5096,915,"i"
5097,624,"i"
5156,1109,"i"
5164,1141,"i"
5166,282,"i"
5201,1565,"i"
5249,19,"i"
5254,245,"i"
5307,2752,"i"
5324,813,"i"
5352,814,"i"
5353,418,"i"
5363,1120,"i"
5370,2021,"i"
5403,2543,"i"
5421,107,"i"
5519,2533,"i"
5522,485,"i"
5531,55,"i"
5550,342,"i"
5621,1162,"i"
5632,1683,"i"
5639,1361,"i"
5647,2219,"i"
5663,2139,"i"
5677,492,"i"
5684,2701,"i"
5685,1422,"i"
5706,3058,"i"
5715,576,"i"
5730,647,"i"
5757,2791,"i"
5760,709,"i"
5769,2579,"i"
5783,1398,"i"
5787,162,"i"
5855,2845,"i"
5857,1402,"i"
5861,1325,"i"
5862,1178,"i"
5874,399,"i"
5909,1708,"i"
5962,1899,"i"
5982,1062,"i"
6021,1344,"i"
6026,1975,"i"
6035,186,"i"
6035,1931,"i"
6039,101,"i"
6055,453,"i"
6060,374,"i"
6120,2390,"i"
6124,2103,"i"
6134,197,"i"
6135,311,"i"
6140,123,"i"
6150,1818,"i"
6161,772,"i"
6202,2975,"i"
6207,2972,"i"
6215,3109,"i"
6231,2706,"i"
6254,1587,"i"
6268,2831,"i"
6293,1895,"i"
6303,1981,"i"
6321,411,"i"
6343,1661,"i"
6347,1362,"i"
6419,2759,"i"
6441,1426,"i"
6453,2436,"i"
6477,2588,"i"
6479,165,"i"
6488,2022,"i"
6531,2720,"i"
6531,3017,"i"
6536,1827,"i"
6552,354,"i"
6592,2102,"i"
6601,1853,"i"
6607,229,"i"
6608,2665,"i"
6610,2664,"i"
6611,1283,"i"
6630,293,"i"
6632,30,"i"
6657,433,"i"
6663,1608,"i"
6665,2044,"i"
6666,2184,"i"
6672,2024,"i"
6673,966,"i"
6695,2804,"i"
6698,1309,"i"
6710,2526,"i"
6726,75,"i"
6732,2777,"i"
6765,1933,"i"
6770,1624,"i"
6773,1379,"i"
6776,1050,"i"
6778,725,"i"
6785,1772,"i"
6799,2391,"i"
6807,1462,"i"
6824,1499,"i"
6831,1233,"i"
6832,181,"i"
6841,460,"i"
6861,3184,"i"
6891,2694,"i"
6909,434,"i"
6912,1776,"i"
6918,29,"i"
6918,2744,"i"
6921,3265,"i"
6949,1169,"i"
6955,2262,"i"
6972,1722,"i"
6978,2190,"i"
6984,684,"i"
6986,2256,"i"
6990,601,"i"
6991,1560,"i"
6993,1152,"i"
6997,1620,"i"
6999,317,"i"
7001,982,"i"
7023,287,"i"
7028,226,"i"
7033,3081,"i"
7036,255,"i"
7040,1071,"i"
7042,1470,"i"
7052,414,"i"
7055,2031,"i"
7064,1030,"i"
7064,2816,"i"
7069,2200,"i"
7071,1202,"i"
7084,1264,"i"
7092,2037,"i"
7093,1579,"i"
7097,701,"i"
7112,451,"i"
7137,2589,"i"
7139,724,"i"
7143,33,"i"
7144,1541,"i"
7160,1685,"i"
7169,590,"i"
7170,2211,"i"
7176,2366,"i"
7185,233,"i"
7197,835,"i"
7214,1280,"i"
7223,72,"i"
7243,1166,"i"
7252,1179,"i"
7252,3023,"i"
7277,23,"i"
7287,1176,"i"
7289,2555,"i"
7291,3065,"i"
2345,360,"i"
4036,813,"i"
5616,2614,"i"
6163,2308,"i"
7034,1616,"i"
7143,1786,"i"
7243,2192,"i"
721,634,"i"
3636,197,"i"
3953,3,"i"
4563,2060,"i"
5471,1970,"i"
5510,813,"i"
5562,501,"i"
6020,795,"i"
6560,414,"i"
6952,490,"i"
7087,2293,"i"
7169,2292,"i"
2041,711,"i"
2515,68,"i"
3491,362,"i"
5316,585,"i"
6689,733,"i"
7375,841,"i"
7727,963,"i"
8618,833,"i"
11916,672,"i"
1475,672,"i"
3660,963,"i"
5828,362,"i"
6078,685,"i"
6949,976,"i"
7157,841,"i"
8293,585,"i"
8320,858,"i"
10183,744,"i"
2848,857,"i"
2936,2082,"i"
3438,376,"i"
3499,259,"i"
3855,1546,"i"
4799,80,"i"
4891,1641,"i"
5258,14,"i"
5729,227,"i"
6090,3123,"i"
6137,137,"i"
6306,436,"i"
6585,276,"i"
7017,239,"i"
7344,2,"i"
7565,309,"i"
7678,397,"i"
7706,415,"i"
7920,301,"i"
8148,244,"i"
8664,173,"i"
8688,225,"i"
8777,342,"i"
8858,395,"i"
8862,153,"i"
8862,394,"i"
8885,118,"i"
9059,352,"i"
9201,40,"i"
9282,116,"i"
9922,285,"i"
9966,406,"i"
10054,383,"i"
10127,4,"i"
10380,52,"i"
10399,453,"i"
10557,485,"i"
10637,237,"i"
10772,3307,"i"
10842,169,"i"
10942,336,"i"
10946,177,"i"
10980,332,"i"
11019,171,"i"
11508,356,"i"
11694,155,"i"
11758,305,"i"
11935,75,"i"
12115,198,"i"
12158,141,"i"
12178,90,"i"
12235,494,"i"
12322,202,"i"
12630,2934,"i"
12710,421,"i"
12967,130,"i"
13027,79,"i"
13105,283,"i"
13110,446,"i"
13170,363,"i"
13219,380,"i"
13243,29,"i"
13369,3485,"i"
13400,413,"i"
13458,3056,"i"
13518,3782,"i"
13847,330,"i"
13854,3083,"i"
13856,135,"i"
13859,430,"i"
13886,408,"i"
13946,214,"i"
14254,46,"i"
14404,20,"i"
14405,44,"i"
14521,3393,"i"
2072,1423,"i"
2874,1305,"i"
3346,2005,"i"
3422,1107,"i"
4017,1051,"i"
4161,418,"i"
4963,1482,"i"
5114,734,"i"
5665,245,"i"
6180,745,"i"
8081,2452,"i"
8182,1848,"i"
240,245,"i"
3730,1305,"i"
3776,2005,"i"
4696,1423,"i"
5615,2452,"i"
6017,1482,"i"
6775,359,"i"
6842,3053,"i"
7111,1848,"i"
7583,1107,"i"
8413,156,"i"
8418,80,"i"
8830,431,"i"
9821,218,"i"
9883,3031,"i"
9901,114,"i"
10205,745,"i"
10344,108,"i"
10835,35,"i"
10869,3504,"i"
10899,734,"i"
12210,187,"i"
12346,58,"i"
12571,347,"i"
12943,319,"i"
13187,20,"i"
13214,185,"i"
13424,214,"i"
13541,151,"i"
13978,491,"i"
14167,239,"i"
14258,498,"i"
14286,236,"i"
14328,77,"i"
14480,426,"i"
14586,249,"i"
197,296,"i"
1565,12,"i"
2888,30,"i"
4694,1444,"i"
5634,1260,"i"
6195,1064,"i"
7003,1876,"i"
7663,1127,"i"
7726,1100,"i"
8485,809,"i"
9058,2056,"i"
3045,30,"i"
6363,1260,"i"
7174,1100,"i"
7439,1876,"i"
7862,12,"i"
8140,809,"i"
8371,671,"i"
8574,156,"i"
8980,1444,"i"
9777,2205,"i"
10266,1156,"i"
11254,353,"i"
11680,518,"i"
11957,968,"i"
1198,1127,"i"
1259,1260,"i"
1981,30,"i"
2951,1342,"i"
3247,1197,"i"
3575,1637,"i"
4914,1087,"i"
5134,12,"i"
6207,2042,"i"
6288,1717,"i"
6614,1212,"i"
7007,77,"i"
7241,671,"i"
7411,1100,"i"
8078,251,"i"
8217,1278,"i"
8288,1876,"i"
8347,1444,"i"
9354,2455,"i"
9359,1675,"i"
10748,2113,"i"
11247,1416,"i"
11327,2447,"i"
11513,2542,"i"
11600,1915,"i"
11704,2292,"i"
11758,2519,"i"
11917,1080,"i"
12331,1568,"i"
12393,2629,"i"
12718,1780,"i"
13089,1019,"i"
13094,1941,"i"
13113,2923,"i"
13465,1372,"i"
13809,3091,"i"
13977,2252,"i"
14103,2271,"i"
14108,1910,"i"
14322,1404,"i"
14379,1018,"i"
14495,2647,"i"
14539,1299,"i"
14589,1364,"i"
2922,1876,"i"
3515,542,"i"
4131,809,"i"
4193,1444,"i"
4568,671,"i"
4586,30,"i"
4735,12,"i"
4979,1402,"i"
6117,563,"i"
7414,1588,"i"
8107,456,"i"
8586,1133,"i"
9018,2568,"i"
9474,1983,"i"
9883,2052,"i"
10825,1726,"i"
10868,1100,"i"
11458,121,"i"
11995,2112,"i"
12538,1260,"i"
12581,2033,"i"
12950,2912,"i"
13544,1715,"i"
13776,763,"i"
13815,750,"i"
13945,1175,"i"
14066,2370,"i"
14193,1973,"i"
14222,1887,"i"
14260,865,"i"
14494,1074,"i"
14513,1360,"i"
14515,1339,"i"
2260,12,"i"
2906,1614,"i"
3250,30,"i"
3662,1634,"i"
3934,1876,"i"
4100,1483,"i"
4135,203,"i"
4517,1671,"i"
4654,1444,"i"
4902,1100,"i"
4919,809,"i"
5358,1605,"i"
5492,2048,"i"
5654,1133,"i"
5977,2031,"i"
6048,1795,"i"
6093,992,"i"
6517,1538,"i"
6749,2065,"i"
6899,2095,"i"
7032,1489,"i"
7302,1564,"i"
7436,1787,"i"
7482,1660,"i"
7518,110,"i"
7591,1314,"i"
7627,671,"i"
7645,1233,"i"
7775,1633,"i"
7784,1516,"i"
7841,1152,"i"
7875,274,"i"
7877,1352,"i"
7884,1386,"i"
7894,1110,"i"
7945,2253,"i"
8013,1161,"i"
8017,1619,"i"
8027,2250,"i"
8044,1836,"i"
8118,1032,"i"
8129,2265,"i"
8278,1119,"i"
8287,1243,"i"
8358,1208,"i"
8370,1996,"i"
8371,468,"i"
8417,557,"i"
8481,1101,"i"
8639,2114,"i"
8660,2330,"i"
8683,2185,"i"
8727,1412,"i"
8792,2043,"i"
8795,1497,"i"
8815,1561,"i"
8817,1088,"i"
8822,1961,"i"
8835,2204,"i"
8896,2082,"i"
8907,2067,"i"
8919,1951,"i"
8929,1987,"i"
9142,2036,"i"
9153,1645,"i"
9195,2007,"i"
9200,1746,"i"
9228,1445,"i"
9230,1890,"i"
9253,1988,"i"
9264,1730,"i"
9276,208,"i"
9289,1260,"i"
9493,1946,"i"
9555,1835,"i"
9601,1939,"i"
9603,2277,"i"
9614,1679,"i"
9698,1853,"i"
9704,1081,"i"
9783,1395,"i"
9785,1164,"i"
9812,1476,"i"
9829,2416,"i"
9829,2558,"i"
9880,1834,"i"
9939,1312,"i"
9959,1262,"i"
9998,2460,"i"
10175,1324,"i"
10206,1083,"i"
10234,1424,"i"
10273,1173,"i"
10285,1347,"i"
10292,1002,"i"
10328,2471,"i"
10346,2744,"i"
10368,1709,"i"
10444,1334,"i"
10454,653,"i"
10491,2097,"i"
10507,1982,"i"
10544,2252,"i"
10558,352,"i"
10559,1011,"i"
10601,2103,"i"
10609,1770,"i"
10650,1507,"i"
10663,1373,"i"
10677,1146,"i"
10699,2290,"i"
10714,2376,"i"
10728,1748,"i"
10750,1114,"i"
10760,2629,"i"
10800,1186,"i"
10807,2016,"i"
10872,2433,"i"
10912,2077,"i"
10990,1767,"i"
11014,1940,"i"
11115,1500,"i"
11118,1643,"i"
11139,2130,"i"
11145,2474,"i"
11153,440,"i"
11162,1869,"i"
11189,2046,"i"
11193,2013,"i"
11206,2574,"i"
11238,1931,"i"
11249,1918,"i"
11255,1801,"i"
11282,238,"i"
11320,1810,"i"
11336,1486,"i"
11344,1593,"i"
11369,1852,"i"
11373,1768,"i"
11388,1381,"i"
11428,2287,"i"
11480,2843,"i"
11560,1470,"i"
11561,1570,"i"
11603,1154,"i"
11685,1638,"i"
11720,2208,"i"
11723,1051,"i"
11753,715,"i"
11754,2371,"i"
11760,1986,"i"
11808,1104,"i"
11831,2482,"i"
11882,1176,"i"
11887,593,"i"
11891,1367,"i"
11913,1991,"i"
11914,1095,"i"
11940,1815,"i"
11944,2035,"i"
11959,422,"i"
11989,10,"i"
11990,1654,"i"
12055,1540,"i"
12056,2356,"i"
12066,1720,"i"
12075,2571,"i"
12086,2397,"i"
12093,1223,"i"
12097,1512,"i"
12108,1567,"i"
12111,1956,"i"
12114,1900,"i"
12127,1575,"i"
12132,1296,"i"
12137,2502,"i"
12146,1604,"i"
12185,1203,"i"
12199,2160,"i"
12232,1783,"i"
12248,2234,"i"
12257,2019,"i"
12275,2108,"i"
12290,1822,"i"
12294,1366,"i"
12301,2006,"i"
12311,16,"i"
12321,1747,"i"
12328,2524,"i"
12346,2605,"i"
12357,1751,"i"
12370,2448,"i"
12373,1914,"i"
12385,1511,"i"
12403,1327,"i"
12405,1756,"i"
12424,1431,"i"
12444,287,"i"
12455,1037,"i"
12467,1990,"i"
12513,2314,"i"
12515,2232,"i"
12547,2548,"i"
12564,1947,"i"
12609,2521,"i"
12625,1721,"i"
12631,2729,"i"
12643,2213,"i"
12648,1407,"i"
12671,1694,"i"
12675,1547,"i"
12681,1409,"i"
12697,269,"i"
12733,2893,"i"
12743,2339,"i"
12782,1912,"i"
12800,1001,"i"
12800,1913,"i"
12805,2610,"i"
12816,2609,"i"
12829,1983,"i"
12833,2570,"i"
12859,1298,"i"
12888,1854,"i"
12892,1989,"i"
12897,1791,"i"
12897,2153,"i"
12914,2336,"i"
12917,1910,"i"
12950,2359,"i"
12958,1898,"i"
12963,421,"i"
12973,1299,"i"
12992,2801,"i"
13018,2214,"i"
13022,2816,"i"
13048,2459,"i"
13049,1984,"i"
13049,2458,"i"
13050,1797,"i"
13052,2510,"i"
13083,1052,"i"
13098,2398,"i"
13106,1935,"i"
13139,1236,"i"
13150,2846,"i"
13172,1388,"i"
13174,1599,"i"
13182,1251,"i"
13190,2039,"i"
13191,2947,"i"
13194,2661,"i"
13211,2409,"i"
13223,812,"i"
13241,1597,"i"
13256,1481,"i"
13267,1741,"i"
13290,120,"i"
13300,1440,"i"
13316,1680,"i"
13328,1846,"i"
13344,2530,"i"
13357,1777,"i"
13363,1307,"i"
13367,2386,"i"
13397,1958,"i"
13401,1480,"i"
13411,1134,"i"
13419,2210,"i"
13424,1621,"i"
13443,1587,"i"
13459,1738,"i"
13472,1702,"i"
13483,1242,"i"
13490,2101,"i"
13519,2585,"i"
13528,1269,"i"
13531,1054,"i"
13536,1403,"i"
13543,1662,"i"
13546,2304,"i"
13569,2051,"i"
13584,2832,"i"
13587,2320,"i"
13609,2493,"i"
13617,1155,"i"
13622,1089,"i"
13624,3021,"i"
13632,3154,"i"
13641,2450,"i"
13652,2581,"i"
13654,162,"i"
13671,1650,"i"
13678,1029,"i"
13679,1194,"i"
13731,1487,"i"
13731,2003,"i"
13746,775,"i"
13747,1994,"i"
13747,2666,"i"
13750,2452,"i"
13759,2827,"i"
13761,1106,"i"
13766,1926,"i"
13766,2326,"i"
13771,2009,"i"
13786,64,"i"
13786,1627,"i"
13809,2742,"i"
13809,3075,"i"
13815,2316,"i"
13829,2945,"i"
13840,1099,"i"
13842,1541,"i"
13861,1102,"i"
13866,629,"i"
13880,1199,"i"
13884,1665,"i"
13891,1338,"i"
13900,2149,"i"
13917,1674,"i"
13924,2076,"i"
13933,2736,"i"
13944,2198,"i"
13952,2800,"i"
13959,1886,"i"
13966,1452,"i"
13967,2247,"i"
13977,2672,"i"
13979,2015,"i"
13994,2358,"i"
13997,1623,"i"
14006,2786,"i"
14012,2711,"i"
14013,2860,"i"
14027,2188,"i"
14029,1216,"i"
14032,907,"i"
14034,1595,"i"
14041,2453,"i"
14048,2374,"i"
14049,1030,"i"
14052,1703,"i"
14058,1701,"i"
14060,2901,"i"
14064,2847,"i"
14072,1993,"i"
14082,1652,"i"
14101,459,"i"
14105,1273,"i"
14109,1525,"i"
14119,2057,"i"
14123,1573,"i"
14129,1531,"i"
14130,1225,"i"
14133,1478,"i"
14140,1775,"i"
14142,2762,"i"
14145,1153,"i"
14189,2223,"i"
14196,1689,"i"
14196,2859,"i"
14206,69,"i"
14217,1891,"i"
14226,2084,"i"
14247,1848,"i"
14266,1458,"i"
14278,2668,"i"
14280,2271,"i"
14297,2575,"i"
14312,2604,"i"
14340,2655,"i"
14368,1933,"i"
14370,1287,"i"
14373,2737,"i"
14396,2085,"i"
14405,1484,"i"
14408,1306,"i"
14418,2957,"i"
14454,183,"i"
14473,1158,"i"
14486,1205,"i"
14516,2588,"i"
14522,1574,"i"
14527,2793,"i"
14532,1710,"i"
14549,2992,"i"
14563,2682,"i"
14572,2228,"i"
14574,2300,"i"
14578,1050,"i"
14578,2765,"i"
14579,2014,"i"
14583,2294,"i"
14594,1509,"i"
1276,462,"i"
1423,329,"i"
1437,2884,"i"
1453,659,"i"
1553,2698,"i"
1991,588,"i"
2119,644,"i"
2323,808,"i"
2330,2784,"i"
